Paquete,Mes,Quincena_anterior,Quincena_propuesta,Motivo
1.7.4.1,9,1,2,Liberar predecesoras antes de ejecutar consumidor; mismo mes e iguales HH
1.7.3.1,8,1,2,Liberar predecesoras antes de ejecutar consumidor; mismo mes e iguales HH
1.6.1.2.2,8,1,2,Liberar predecesoras antes de ejecutar consumidor; mismo mes e iguales HH
1.5.3.2.2,8,1,2,Liberar predecesoras antes de ejecutar consumidor; mismo mes e iguales HH
1.5.2.2.2,8,1,2,Liberar predecesoras antes de ejecutar consumidor; mismo mes e iguales HH
1.5.1.1.2,8,1,2,Liberar predecesoras antes de ejecutar consumidor; mismo mes e iguales HH
1.4.3.2.2,8,1,2,Liberar predecesoras antes de ejecutar consumidor; mismo mes e iguales HH
1.4.2.3.2,8,1,2,Liberar predecesoras antes de ejecutar consumidor; mismo mes e iguales HH
1.4.2.1.2,8,1,2,Liberar predecesoras antes de ejecutar consumidor; mismo mes e iguales HH
1.4.1.3.2,8,1,2,Liberar predecesoras antes de ejecutar consumidor; mismo mes e iguales HH
1.4.1.1.2,8,1,2,Liberar predecesoras antes de ejecutar consumidor; mismo mes e iguales HH
