Mes,HH_E1,HH_E2,HH_implementacion,HH_operacion_entregables,HH_cobertura,HH_total
1,128.0,0,128.0,0.0,0.0,128.0
2,1466.5,0,1466.5,0.0,0.0,1466.5
3,1263.5,0,1263.5,0.0,0.0,1263.5
4,878.4,0,878.4,0.0,0.0,878.4
5,753.6,0,753.6,0.0,0.0,753.6
6,104.0,0,104.0,0.0,0.0,104.0
7,784.0,0,784.0,0.0,0.0,784.0
8,3984.916667,0,3984.916667,0.0,0.0,3984.916667
9,3588.683333,0,3588.683333,0.0,0.0,3588.683333
10,486.6,0,486.6,0.0,0.0,486.6
11,424.0,0,424.0,0.0,0.0,424.0
12,1419.8,0,1419.8,0.0,0.0,1419.8
13,2024.0,1466.0,3490.0,0.0,3162.0,6652.0
14,96.0,2803.6,2899.6,0.0,3162.0,6061.6
15,96.0,2665.6,2761.6,0.0,2958.0,5719.6
16,104.0,1195.6,1299.6,0.0,3162.0,4461.6
17,448.0,1222.7,1670.7,0.0,2520.0,4190.7
18,0,824.5,824.5,0.0,2604.0,3428.5
19,0,2271.2,2271.2,0.0,2520.0,4791.2
20,0,252.8,252.8,0.0,2604.0,2856.8
21,0,120.0,120.0,960.0,2604.0,3684.0
22,0,0,0.0,416.0,2520.0,2936.0
23,0,0,0.0,416.0,2604.0,3020.0
24,0,0,0.0,908.0,2808.0,3716.0
25,0,0,0.0,416.0,3162.0,3578.0
26,0,0,0.0,416.0,3162.0,3578.0
27,0,0,0.0,392.0,2856.0,3248.0
28,0,0,0.0,560.0,3162.0,3722.0
29,0,0,0.0,392.0,2520.0,2912.0
30,0,0,0.0,512.0,2604.0,3116.0
31,0,0,0.0,440.0,2520.0,2960.0
32,0,0,0.0,440.0,2604.0,3044.0
33,0,0,0.0,584.0,2604.0,3188.0
34,0,0,0.0,472.0,2520.0,2992.0
35,0,0,0.0,456.0,2604.0,3060.0
36,0,0,0.0,932.0,2808.0,3740.0
37,0,0,0.0,472.0,3162.0,3634.0
38,0,0,0.0,408.0,3162.0,3570.0
39,0,0,0.0,408.0,2856.0,3264.0
40,0,0,0.0,576.0,3162.0,3738.0
41,0,0,0.0,408.0,2520.0,2928.0
42,0,0,0.0,456.0,2604.0,3060.0
43,0,0,0.0,408.0,2520.0,2928.0
44,0,0,0.0,408.0,2604.0,3012.0
45,0,0,0.0,520.0,2604.0,3124.0
46,0,0,0.0,408.0,2520.0,2928.0
47,0,0,0.0,408.0,2604.0,3012.0
48,0,0,0.0,900.0,2808.0,3708.0
49,0,0,0.0,408.0,3162.0,3570.0
50,0,0,0.0,408.0,3162.0,3570.0
51,0,0,0.0,408.0,2856.0,3264.0
52,0,0,0.0,576.0,3162.0,3738.0
53,0,0,0.0,552.0,2520.0,3072.0
54,0,0,0.0,608.0,2604.0,3212.0
55,0,0,0.0,456.0,2520.0,2976.0
56,0,0,0.0,616.0,2604.0,3220.0
