Mes,HH_implementacion,HH_operacion,HH_total
1,88,0,88
2,232,0,232
3,864,0,864
4,320,0,320
5,416,0,416
6,544,0,544
7,224,0,224
8,1904,0,1904
9,1400,0,1400
10,240,0,240
11,744,0,744
12,160,0,160
13,648,0,648
14,320,0,320
15,1280,0,1280
16,1192,0,1192
17,1384,0,1384
18,552,0,552
19,388,0,388
20,568,0,568
21,120,248,368
22,0,152,152
23,0,152,152
24,0,232,232
25,0,152,152
26,0,264,264
27,0,152,152
28,0,152,152
29,0,152,152
30,0,200,200
31,0,152,152
32,0,320,320
33,0,152,152
34,0,152,152
35,0,152,152
36,0,232,232
37,0,152,152
38,0,264,264
39,0,152,152
40,0,152,152
41,0,152,152
42,0,200,200
43,0,152,152
44,0,320,320
45,0,152,152
46,0,152,152
47,0,152,152
48,0,232,232
49,0,152,152
50,0,264,264
51,0,152,152
52,0,152,152
53,0,296,296
54,0,400,400
55,0,200,200
56,0,368,368
