Mes,HH_implementacion,HH_operacion_entregables,HH_cobertura,HH_total,Puestos_con_HH,Titulares_propuestos,Refuerzos_ingenieria,Puestos_totales_propuestos
1,128.0,0,0,128.0,5,8,0,8
2,1466.5,0,0,1466.5,45,8,39,47
3,1263.5,0,0,1263.5,39,8,33,41
4,878.4,0,0,878.4,18,8,12,20
5,753.6,0,0,753.6,23,8,17,25
6,104.0,0,0,104.0,6,8,0,8
7,784.0,0,0,784.0,17,8,13,21
8,3984.916667,0,0,3984.916667,105,8,98,106
9,3588.683333,0,0,3588.683333,93,8,85,93
10,486.6,0,0,486.6,21,8,13,21
11,424.0,0,0,424.0,14,8,6,14
12,1419.8,0,0,1419.8,25,8,18,26
13,3490.0,0,3162.0,6652.0,69,8,23,69
14,2899.6,0,3162.0,6061.6,93,8,61,93
15,2761.6,0,2958.0,5719.6,77,8,45,77
16,1299.6,0,3162.0,4461.6,61,8,29,61
17,1670.7,0,2520.0,4190.7,68,8,32,68
18,824.5,0,2604.0,3428.5,47,8,16,48
19,2271.2,0,2520.0,4791.2,52,8,8,54
20,252.8,0,2604.0,2856.8,36,8,3,37
21,120.0,960.0,2604.0,3684.0,51,8,15,51
22,0,416.0,2520.0,2936.0,45,8,13,45
23,0,416.0,2604.0,3020.0,45,8,13,45
24,0,908.0,2808.0,3716.0,51,8,19,51
25,0,416.0,3162.0,3578.0,45,8,13,45
26,0,416.0,3162.0,3578.0,45,8,13,45
27,0,392.0,2856.0,3248.0,43,8,11,43
28,0,560.0,3162.0,3722.0,46,8,14,46
29,0,392.0,2520.0,2912.0,43,8,11,43
30,0,512.0,2604.0,3116.0,45,8,13,45
31,0,440.0,2520.0,2960.0,45,8,13,45
32,0,440.0,2604.0,3044.0,45,8,13,45
33,0,584.0,2604.0,3188.0,45,8,13,45
34,0,472.0,2520.0,2992.0,44,8,12,44
35,0,456.0,2604.0,3060.0,44,8,12,44
36,0,932.0,2808.0,3740.0,49,8,17,49
37,0,472.0,3162.0,3634.0,45,8,13,45
38,0,408.0,3162.0,3570.0,44,8,12,44
39,0,408.0,2856.0,3264.0,44,8,12,44
40,0,576.0,3162.0,3738.0,46,8,14,46
41,0,408.0,2520.0,2928.0,44,8,12,44
42,0,456.0,2604.0,3060.0,45,8,13,45
43,0,408.0,2520.0,2928.0,44,8,12,44
44,0,408.0,2604.0,3012.0,44,8,12,44
45,0,520.0,2604.0,3124.0,44,8,12,44
46,0,408.0,2520.0,2928.0,44,8,12,44
47,0,408.0,2604.0,3012.0,44,8,12,44
48,0,900.0,2808.0,3708.0,48,8,16,48
49,0,408.0,3162.0,3570.0,44,8,12,44
50,0,408.0,3162.0,3570.0,44,8,12,44
51,0,408.0,2856.0,3264.0,44,8,12,44
52,0,576.0,3162.0,3738.0,46,8,14,46
53,0,552.0,2520.0,3072.0,44,8,12,44
54,0,608.0,2604.0,3212.0,45,8,13,45
55,0,456.0,2520.0,2976.0,44,8,12,44
56,0,616.0,2604.0,3220.0,44,8,12,44
