Hito,Fin_directo,Fin_PERT_nivelado,Limite,Margen_habil_PERT_nivelado
H1,2027-01-20,2027-01-20,2027-01-29,7.333333333333329
H2,2027-03-01,2027-03-02,2027-03-31,20.888888888888893
H3,2027-05-24,2027-05-26,2027-05-31,3.444444444444457
H4,2027-09-23,2027-09-24,2027-09-30,4.944444444444457
H5,2027-11-09,2027-11-11,2027-11-30,13.259259259259181
H6,2027-12-01,2027-12-01,2027-12-31,22
H7,2028-03-29,2028-03-29,2028-03-31,2.388888888888914
H8,2028-01-18,2028-01-19,2028-01-31,8.722222222222229
H9,2028-04-18,2028-04-19,2028-04-28,7.888888888888857
H10,2028-05-17,2028-05-16,2028-05-31,11.555555555555486
H11,2028-06-01,2028-06-01,2028-06-30,20
H12,2028-08-30,2028-08-30,2028-08-31,1.3888888888889142
CORTE-E1,2028-03-30,2028-03-30,2028-03-31,1.3888888888889142
CORTE-E2,2028-08-31,2028-08-31,2028-08-31,0.38888888888891415
