Paquete,Mes,Quincena,Inicio,Fin,Duracion_directa_dias,Fin_quincena
1.1.1.1,1,1,0,2.22222222,2.2222222222222223,10
1.1.4.1.1,1,1,2.22222222,3.88888889,1.6666666666666667,10
1.1.4.1.2,1,2,10,11.66666667,1.6666666666666667,20
1.8.1.1,1,2,11.11111111,13.33333333,2.2222222222222223,20
1.1.1.2,2,1,20,23.33333333,3.3333333333333335,30
1.1.4.2.1,2,1,22.22222222,23.88888889,1.6666666666666667,30
1.8.1.2,2,1,20,24.44444444,4.444444444444445,30
1.8.1.3,2,1,22.22222222,26.66666667,4.444444444444445,30
1.1.1.3,2,2,30,33.33333333,3.3333333333333335,40
1.1.2.1,2,2,31.11111111,33.33333333,2.2222222222222223,40
1.1.4.2.2,2,2,33.33333333,35.0,1.6666666666666667,40
1.9.4.1.1,2,2,31.11111111,34.44444444,3.3333333333333335,40
1.1.3.1,3,1,40,42.22222222,2.2222222222222223,50
1.1.4.3.1,3,1,42.22222222,43.88888889,1.6666666666666667,50
1.2.1.1,3,1,43.33333333,46.66666667,3.333333333333333,50
1.4.1.1.1,3,1,46.66666667,48.88888889,2.2222222222222223,50
1.4.1.3.1,3,1,40,42.22222222,2.2222222222222223,50
1.4.2.1.1,3,1,40,42.22222222,2.2222222222222223,50
1.4.2.3.1,3,1,42.22222222,44.44444444,2.2222222222222223,50
1.4.3.2.1,3,1,44.44444444,46.66666667,2.2222222222222223,50
1.5.1.1.1,3,1,42.22222222,44.44444444,2.2222222222222223,50
1.5.2.2.1,3,1,44.44444444,46.66666667,2.2222222222222223,50
1.5.3.2.1,3,1,46.66666667,48.88888889,2.2222222222222223,50
1.6.1.2.1,3,1,40,42.22222222,2.2222222222222223,50
1.8.2.4,3,1,42.22222222,44.44444444,2.2222222222222223,50
1.8.2.6,3,1,42.22222222,44.44444444,2.2222222222222223,50
1.1.4.3.2,3,2,50,51.66666667,1.6666666666666667,60
1.4.1.2.1,3,2,50,52.22222222,2.2222222222222223,60
1.4.1.4.1,3,2,50,52.22222222,2.2222222222222223,60
1.4.2.2.1,3,2,50,52.22222222,2.2222222222222223,60
1.4.3.1.1,3,2,51.11111111,53.33333333,2.2222222222222223,60
1.4.3.3.1,3,2,52.22222222,54.44444444,2.2222222222222223,60
1.5.2.1.1,3,2,52.22222222,54.44444444,2.2222222222222223,60
1.5.3.1.1,3,2,52.22222222,54.44444444,2.2222222222222223,60
1.6.1.1.1,3,2,53.33333333,55.55555556,2.2222222222222223,60
1.6.1.3.1,3,2,54.44444444,56.66666667,2.2222222222222223,60
1.8.1.4,3,2,54.44444444,56.66666667,2.2222222222222223,60
1.8.2.1,3,2,55.55555556,57.77777778,2.2222222222222223,60
1.8.2.2,3,2,55.55555556,57.77777778,2.2222222222222223,60
1.8.2.3,3,2,57.77777778,60.0,2.2222222222222223,60
1.8.2.5,3,2,54.44444444,56.66666667,2.2222222222222223,60
1.1.2.2,4,1,60,64.44444444,4.444444444444445,70
1.1.4.4.1,4,1,63.33333333,65.0,1.6666666666666667,70
1.3.1.3,4,1,60,62.22222222,2.2222222222222223,70
1.3.4.1,4,1,62.22222222,67.77777778,5.555555555555555,70
1.9.4.1.2,4,1,66.66666667,70.0,3.3333333333333335,70
1.1.4.4.2,4,2,70,71.66666667,1.6666666666666667,80
1.2.1.2,4,2,70,73.33333333,3.333333333333333,80
1.2.3.1,4,2,73.33333333,75.55555556,2.2222222222222223,80
1.7.1.1,4,2,70,73.33333333,3.333333333333333,80
1.1.4.5.1,5,1,80,81.66666667,1.6666666666666667,90
1.2.1.3,5,1,80,83.33333333,3.333333333333333,90
1.2.1.4,5,1,80,83.33333333,3.333333333333333,90
1.3.1.1,5,1,83.33333333,86.66666667,3.333333333333333,90
1.1.4.5.2,5,2,90,91.66666667,1.6666666666666667,100
1.2.1.5,5,2,90,93.33333333,3.3333333333333335,100
1.2.2.1,5,2,93.33333333,95.55555555,2.2222222222222223,100
1.2.2.2,5,2,94.44444444,96.66666666,2.2222222222222223,100
1.2.3.2,5,2,90,94.44444444,4.444444444444445,100
1.2.3.3,5,2,93.33333333,97.77777778,4.444444444444445,100
1.3.1.2,5,2,95.55555555,100.0,4.444444444444445,100
1.1.3.2,6,1,100,101.11111111,1.1111111111111112,110
1.1.4.6.1,6,1,101.11111111,102.77777778,1.6666666666666667,110
1.2.2.3,6,1,100,103.33333333,3.3333333333333335,110
1.2.2.4,6,1,101.11111111,104.44444444,3.3333333333333335,110
1.2.2.5,6,1,104.44444444,107.77777777,3.3333333333333335,110
1.2.3.4,6,1,101.11111111,104.44444444,3.3333333333333335,110
1.2.3.5,6,1,102.22222222,105.55555556,3.3333333333333335,110
1.2.4.1,6,1,104.44444444,108.88888888,4.444444444444445,110
1.1.4.6.2,6,2,110,111.66666667,1.6666666666666667,120
1.2.4.2,6,2,110,113.33333333,3.3333333333333335,120
1.2.4.3,6,2,113.33333333,116.66666666,3.3333333333333335,120
1.3.4.2,6,2,110,114.44444444,4.444444444444445,120
1.3.4.3,6,2,112.22222222,115.55555556,3.3333333333333335,120
1.7.1.2,6,2,110,113.33333333,3.3333333333333335,120
1.1.4.7.1,7,1,120,121.66666667,1.6666666666666667,130
1.8.3.1,7,1,120,123.88888889,3.8888888888888884,130
1.8.3.3,7,1,120,123.88888889,3.8888888888888884,130
1.8.3.5,7,1,121.11111111,125.0,3.8888888888888884,130
1.1.4.7.2,7,2,130,131.66666667,1.6666666666666667,140
1.8.3.2,7,2,130,133.88888889,3.8888888888888884,140
1.8.3.4,7,2,130,133.88888889,3.8888888888888884,140
1.8.3.6,7,2,131.11111111,135.0,3.8888888888888884,140
1.1.4.8.1,8,1,140,141.66666667,1.6666666666666667,150
1.3.2.1,8,1,140,145.55555556,5.555555555555555,150
1.3.3.1,8,1,140,145.55555556,5.555555555555555,150
1.7.1.3,8,1,140,146.66666667,6.666666666666666,150
1.7.3.3,8,1,140,146.66666667,6.666666666666666,150
1.8.4.4,8,1,144.44444444,148.88888889,4.444444444444445,150
1.8.4.6,8,1,144.44444444,148.88888889,4.444444444444445,150
1.1.4.8.2,8,2,150,151.66666667,1.6666666666666667,160
1.3.2.2,8,2,150,155.55555556,5.555555555555555,160
1.4.1.1.2,8,2,150,157.22222222,7.222222222222221,160
1.4.1.2.2,8,2,150,157.22222222,7.222222222222221,160
1.4.1.3.2,8,2,151.11111111,158.33333333,7.222222222222221,160
1.4.1.4.2,8,2,151.11111111,158.33333333,7.222222222222221,160
1.4.2.1.2,8,2,151.66666667,158.88888889,7.222222222222221,160
1.4.2.2.2,8,2,151.66666667,158.88888889,7.222222222222221,160
1.4.2.3.2,8,2,150,157.22222222,7.222222222222221,160
1.4.3.1.2,8,2,151.11111111,158.33333333,7.222222222222221,160
1.4.3.2.2,8,2,151.66666667,158.88888889,7.222222222222221,160
1.4.3.3.2,8,2,150,157.22222222,7.222222222222221,160
1.5.1.1.2,8,2,151.11111111,158.33333333,7.222222222222221,160
1.5.2.1.2,8,2,151.66666667,158.88888889,7.222222222222221,160
1.5.2.2.2,8,2,150,157.22222222,7.222222222222221,160
1.5.3.1.2,8,2,151.11111111,158.33333333,7.222222222222221,160
1.5.3.2.2,8,2,151.66666667,158.88888889,7.222222222222221,160
1.6.1.1.2,8,2,150,157.22222222,7.222222222222221,160
1.6.1.2.2,8,2,151.11111111,158.33333333,7.222222222222221,160
1.6.1.3.2,8,2,151.66666667,158.88888889,7.222222222222221,160
1.7.2.1,8,2,150,156.66666667,6.666666666666666,160
1.7.2.3,8,2,150,156.66666667,6.666666666666666,160
1.7.3.1,8,2,150,156.66666667,6.666666666666666,160
1.8.4.1,8,2,155.55555556,160.0,4.444444444444445,160
1.8.4.2,8,2,155.55555556,160.0,4.444444444444445,160
1.8.4.3,8,2,150,154.44444444,4.444444444444445,160
1.8.4.5,8,2,150,154.44444444,4.444444444444445,160
1.1.4.9.1,9,1,160,161.66666667,1.6666666666666667,170
1.10.2.1.1,9,1,160,163.33333333,3.3333333333333335,170
1.3.3.2,9,1,160,165.55555556,5.555555555555555,170
1.4.1.1.3,9,1,160,165.0,5.0,170
1.4.1.3.3,9,1,160,165.0,5.0,170
1.4.2.1.3,9,1,160,165.0,5.0,170
1.4.2.3.3,9,1,160,165.0,5.0,170
1.4.3.2.3,9,1,160,165.0,5.0,170
1.5.1.1.3,9,1,161.11111111,166.11111111,5.0,170
1.5.2.2.3,9,1,161.11111111,166.11111111,5.0,170
1.5.3.2.3,9,1,161.11111111,166.11111111,5.0,170
1.6.1.2.3,9,1,161.11111111,166.11111111,5.0,170
1.7.2.2,9,1,161.11111111,166.66666667,5.555555555555555,170
1.7.3.2,9,1,160,166.66666667,6.666666666666666,170
1.1.4.9.2,9,2,170,171.66666667,1.6666666666666667,180
1.4.1.2.3,9,2,170,175.0,5.0,180
1.4.1.4.3,9,2,170,175.0,5.0,180
1.4.2.2.3,9,2,170,175.0,5.0,180
1.4.3.1.3,9,2,170,175.0,5.0,180
1.4.3.3.3,9,2,170,175.0,5.0,180
1.5.2.1.3,9,2,170,175.0,5.0,180
1.5.3.1.3,9,2,171.11111111,176.11111111,5.0,180
1.6.1.1.3,9,2,171.11111111,176.11111111,5.0,180
1.6.1.3.3,9,2,171.11111111,176.11111111,5.0,180
1.7.4.1,9,2,171.11111111,176.66666667,5.555555555555555,180
1.7.4.2,9,2,171.11111111,176.66666667,5.555555555555555,180
1.8.5.1,9,2,170,173.88888889,3.8888888888888884,180
1.8.5.2,9,2,170,173.88888889,3.8888888888888884,180
1.8.5.3,9,2,173.33333333,177.22222222,3.8888888888888884,180
1.8.6.1,9,2,173.33333333,177.22222222,3.8888888888888884,180
1.8.6.2,9,2,174.44444444,178.33333333,3.8888888888888884,180
1.8.6.3,9,2,174.44444444,178.33333333,3.8888888888888884,180
1.1.4.10.1,10,1,180,181.66666667,1.6666666666666667,190
1.10.1.1.1.1,10,1,180,181.66666667,1.6666666666666667,190
1.10.1.1.1.2,10,1,180,184.44444444,4.444444444444445,190
1.10.1.1.1.3,10,1,180,183.88888889,3.888888888888889,190
1.10.1.1.1.4,10,1,180.55555556,183.88888889,3.333333333333333,190
1.10.1.1.1.5,10,1,181.11111111,182.77777778,1.6666666666666667,190
1.10.2.1.2,10,1,180,184.44444444,4.444444444444445,190
1.1.4.10.2,10,2,190,191.66666667,1.6666666666666667,200
1.1.4.11.1,11,1,200,201.66666667,1.6666666666666667,210
1.10.2.1.3,11,1,200,204.44444444,4.444444444444445,210
1.10.2.1.4,11,1,200,204.44444444,4.444444444444445,210
1.10.2.1.5,11,1,200,205.55555556,5.555555555555555,210
1.10.2.1.6,11,1,200,204.44444444,4.444444444444445,210
1.10.2.1.7,11,1,202.22222222,206.66666667,4.444444444444445,210
1.10.2.1.8,11,1,200,206.66666667,6.666666666666667,210
1.10.2.1.9,11,1,200,204.44444444,4.444444444444445,210
1.1.4.11.2,11,2,210,211.66666667,1.6666666666666667,220
1.10.1.1.2.1,11,2,210,211.66666667,1.6666666666666667,220
1.10.1.1.2.2,11,2,210,214.44444444,4.444444444444445,220
1.10.1.1.2.3,11,2,210,213.88888889,3.888888888888889,220
1.10.1.1.2.4,11,2,210.55555556,213.88888889,3.333333333333333,220
1.10.1.1.2.5,11,2,211.11111111,212.77777778,1.6666666666666667,220
1.11.2.1.1,11,2,212.22222222,215.55555556,3.3333333333333335,220
1.11.2.1.2,11,2,210,213.33333333,3.3333333333333335,220
1.11.2.1.3,11,2,212.22222222,215.55555556,3.3333333333333335,220
1.11.2.1.4,11,2,214.44444444,217.77777778,3.3333333333333335,220
1.11.2.1.5,11,2,210,213.33333333,3.3333333333333335,220
1.11.3.1.1,11,2,217.77777778,220.0,2.2222222222222223,220
1.1.3.3.12,12,1,220,221.11111111,1.1111111111111112,230
1.1.4.12.1,12,1,221.11111111,222.77777778,1.6666666666666667,230
1.10.2.1.10,12,1,222.22222222,227.77777778,5.555555555555555,230
1.1.4.12.2,12,2,230,231.66666667,1.6666666666666667,240
1.11.1.1.1,12,2,230,232.22222222,2.2222222222222223,240
1.11.1.2.1,12,2,230,232.22222222,2.2222222222222223,240
1.1.4.13.1,13,1,240,241.66666667,1.6666666666666667,250
1.11.1.1.2,13,1,241.11111111,243.88888889,2.7777777777777777,250
1.11.1.2.3,13,1,240,242.22222222,2.2222222222222223,250
1.11.1.MB.1.13.1,13,1,240,244.44444444,4.444444444444445,250
1.5.1.2.1,13,1,240,242.22222222,2.2222222222222223,250
1.5.1.4.1,13,1,240,242.22222222,2.2222222222222223,250
1.5.3.3.1,13,1,241.11111111,243.33333333,2.2222222222222223,250
1.5.3.5.1,13,1,242.22222222,244.44444444,2.2222222222222223,250
1.6.2.1.1,13,1,242.22222222,244.44444444,2.2222222222222223,250
1.6.2.3.1,13,1,243.33333333,245.55555556,2.2222222222222223,250
1.1.4.13.2,13,2,250,251.66666667,1.6666666666666667,260
1.11.1.1.3,13,2,250,252.22222222,2.2222222222222223,260
1.11.1.2.2,13,2,251.11111111,253.88888889,2.7777777777777777,260
1.11.1.MB.1.13.2,13,2,250,254.44444444,4.444444444444445,260
1.5.1.3.1,13,2,250,252.22222222,2.2222222222222223,260
1.5.1.5.1,13,2,250,252.22222222,2.2222222222222223,260
1.5.3.4.1,13,2,251.11111111,253.33333333,2.2222222222222223,260
1.6.1.4.1,13,2,252.22222222,254.44444444,2.2222222222222223,260
1.6.2.2.1,13,2,252.22222222,254.44444444,2.2222222222222223,260
1.6.2.4.1,13,2,253.33333333,255.55555556,2.2222222222222223,260
1.1.4.14.1,14,1,260,261.66666667,1.6666666666666667,270
1.11.1.MB.1.14.1,14,1,260,264.44444444,4.444444444444445,270
1.9.1.1.1,14,1,260,262.22222222,2.2222222222222223,270
1.9.2.1.1,14,1,260,264.44444444,4.444444444444445,270
1.9.3.1.1,14,1,260,263.33333333,3.3333333333333335,270
1.9.4.2.1,14,1,262.22222222,264.44444444,2.2222222222222223,270
1.9.5.1.1,14,1,260,263.33333333,3.3333333333333335,270
1.1.4.14.2,14,2,270,271.66666667,1.6666666666666667,280
1.11.1.MB.1.14.2,14,2,270,274.44444444,4.444444444444445,280
1.9.1.1.2,14,2,270,273.33333333,3.333333333333333,280
1.1.3.4,15,1,280,281.11111111,1.1111111111111112,290
1.1.4.15.1,15,1,281.11111111,282.77777778,1.6666666666666667,290
1.10.2.2.1,15,1,280,283.33333333,3.3333333333333335,290
1.11.1.MB.1.15.1,15,1,280,284.44444444,4.444444444444445,290
1.11.3.1.2,15,1,280,283.33333333,3.3333333333333335,290
1.5.1.2.2,15,1,280,287.22222222,7.222222222222221,290
1.5.1.4.2,15,1,280,287.22222222,7.222222222222221,290
1.5.3.3.2,15,1,280,287.22222222,7.222222222222221,290
1.5.3.5.2,15,1,280,287.22222222,7.222222222222221,290
1.6.2.1.2,15,1,280,287.22222222,7.222222222222221,290
1.6.2.3.2,15,1,280,287.22222222,7.222222222222221,290
1.9.1.1.3,15,1,280,283.33333333,3.3333333333333335,290
1.9.2.1.2,15,1,281.11111111,283.33333333,2.2222222222222223,290
1.9.3.1.2,15,1,281.11111111,283.33333333,2.2222222222222223,290
1.9.5.1.2,15,1,283.33333333,285.55555556,2.2222222222222223,290
1.1.4.15.2,15,2,290,291.66666667,1.6666666666666667,300
1.11.1.MB.1.15.2,15,2,290,294.44444444,4.444444444444445,300
1.11.5.1.1,15,2,291.11111111,294.44444444,3.3333333333333335,300
1.5.1.3.2,15,2,290,297.22222222,7.222222222222221,300
1.5.1.5.2,15,2,290,297.22222222,7.222222222222221,300
1.5.3.4.2,15,2,290,297.22222222,7.222222222222221,300
1.6.1.4.2,15,2,290,297.22222222,7.222222222222221,300
1.6.2.2.2,15,2,290,297.22222222,7.222222222222221,300
1.6.2.4.2,15,2,290,297.22222222,7.222222222222221,300
1.7.4.3,15,2,290,295.55555556,5.555555555555555,300
1.7.4.4,15,2,290,295.55555556,5.555555555555555,300
1.1.4.16.1,16,1,300,301.66666667,1.6666666666666667,310
1.10.1.2.1.1,16,1,300,301.66666667,1.6666666666666667,310
1.10.1.2.1.2,16,1,300,304.44444444,4.444444444444445,310
1.10.1.2.1.3,16,1,300,303.88888889,3.888888888888889,310
1.10.1.2.1.4,16,1,300.55555556,303.88888889,3.333333333333333,310
1.10.1.2.1.5,16,1,301.11111111,302.77777778,1.6666666666666667,310
1.11.1.EST.1.1,16,1,300,305.55555556,5.555555555555555,310
1.5.1.2.3,16,1,300,305.0,5.0,310
1.5.1.4.3,16,1,300,305.0,5.0,310
1.5.3.3.3,16,1,300.55555556,305.55555556,5.0,310
1.5.3.5.3,16,1,300.55555556,305.55555556,5.0,310
1.6.2.1.3,16,1,301.66666667,306.66666667,5.0,310
1.6.2.3.3,16,1,301.66666667,306.66666667,5.0,310
1.9.1.2.1,16,1,300,307.77777778,7.777777777777777,310
1.9.2.2.1,16,1,300,306.66666667,6.666666666666666,310
1.9.3.2.1,16,1,300,307.77777778,7.777777777777777,310
1.9.4.2.2,16,1,300,306.66666667,6.666666666666666,310
1.9.5.2.1,16,1,300,306.66666667,6.666666666666666,310
1.1.4.16.2,16,2,310,311.66666667,1.6666666666666667,320
1.11.1.EST.1.2,16,2,310,315.55555556,5.555555555555555,320
1.5.1.3.3,16,2,310,315.0,5.0,320
1.5.1.5.3,16,2,310,315.0,5.0,320
1.5.3.4.3,16,2,310,315.0,5.0,320
1.6.1.4.3,16,2,310,315.0,5.0,320
1.6.2.2.3,16,2,310,315.0,5.0,320
1.6.2.4.3,16,2,311.11111111,316.11111111,5.0,320
1.9.1.2.2,16,2,310,316.66666667,6.666666666666666,320
1.9.3.2.2,16,2,310,314.44444444,4.444444444444445,320
1.1.4.17.1,17,1,320,321.66666667,1.6666666666666667,330
1.10.2.2.2,17,1,320,324.44444444,4.444444444444445,330
1.10.2.2.3,17,1,320,324.44444444,4.444444444444445,330
1.10.2.2.4,17,1,320,324.44444444,4.444444444444445,330
1.10.2.2.5,17,1,320,325.55555556,5.555555555555555,330
1.10.2.2.6,17,1,320,324.44444444,4.444444444444445,330
1.10.2.2.7,17,1,322.22222222,326.66666667,4.444444444444445,330
1.10.2.2.8,17,1,321.11111111,327.77777778,6.666666666666667,330
1.10.2.2.9,17,1,320,324.44444444,4.444444444444445,330
1.9.1.2.3,17,1,320,325.55555556,5.555555555555555,330
1.9.1.3.1,17,1,321.11111111,325.55555556,4.444444444444445,330
1.9.2.2.2,17,1,320,326.66666667,6.666666666666666,330
1.9.3.3.1,17,1,320,326.66666667,6.666666666666666,330
1.9.4.2.3,17,1,320,326.66666667,6.666666666666666,330
1.9.5.2.2,17,1,320,326.66666667,6.666666666666666,330
1.1.4.17.2,17,2,330,331.66666667,1.6666666666666667,340
1.10.1.2.2.1,17,2,330,331.66666667,1.6666666666666667,340
1.10.1.2.2.2,17,2,330,334.44444444,4.444444444444445,340
1.10.1.2.2.3,17,2,330,333.88888889,3.888888888888889,340
1.10.1.2.2.4,17,2,330.55555556,333.88888889,3.333333333333333,340
1.10.1.2.2.5,17,2,331.11111111,332.77777778,1.6666666666666667,340
1.11.2.2.1,17,2,330,333.33333333,3.3333333333333335,340
1.11.2.2.2,17,2,330,333.33333333,3.3333333333333335,340
1.11.2.2.3,17,2,332.22222222,335.55555556,3.3333333333333335,340
1.11.2.2.4,17,2,332.22222222,335.55555556,3.3333333333333335,340
1.11.2.2.5,17,2,332.22222222,335.55555556,3.3333333333333335,340
1.11.3.2.1,17,2,335.55555556,337.77777778,2.2222222222222223,340
1.9.1.3.2,17,2,331.66666667,335.0,3.3333333333333335,340
1.9.1.3.3,17,2,330,334.44444444,4.444444444444445,340
1.9.2.3.1,17,2,330,336.66666667,6.666666666666666,340
1.9.3.3.2,17,2,330.55555556,336.11111111,5.555555555555555,340
1.9.3.3.3,17,2,330,335.55555556,5.555555555555555,340
1.9.5.2.3,17,2,332.22222222,336.66666667,4.444444444444445,340
1.1.3.3.18,18,1,340,341.11111111,1.1111111111111112,350
1.1.4.18.1,18,1,341.11111111,342.77777778,1.6666666666666667,350
1.10.2.2.10,18,1,342.22222222,347.77777778,5.555555555555555,350
1.12.1.1,18,1,344.44444444,346.66666667,2.2222222222222223,350
1.9.1.4.1,18,1,340,344.44444444,4.444444444444445,350
1.9.2.3.2,18,1,340,345.55555556,5.555555555555555,350
1.9.3.4.1,18,1,340,344.44444444,4.444444444444445,350
1.9.4.2.4,18,1,340,344.44444444,4.444444444444445,350
1.9.5.2.4,18,1,341.11111111,345.55555556,4.444444444444445,350
1.1.4.18.2,18,2,350,351.66666667,1.6666666666666667,360
1.11.1.3.1,18,2,350,352.22222222,2.2222222222222223,360
1.9.1.4.2,18,2,350,354.44444444,4.444444444444445,360
1.9.2.3.3,18,2,350,354.44444444,4.444444444444445,360
1.9.3.4.2,18,2,352.22222222,356.66666667,4.444444444444445,360
1.9.3.5.1,18,2,356.66666667,360.0,3.3333333333333335,360
1.9.5.3.1,18,2,350,353.33333333,3.3333333333333335,360
1.1.4.19.1,19,1,360,361.66666667,1.6666666666666667,370
1.11.1.3.2,19,1,361.11111111,363.88888889,2.7777777777777777,370
1.11.1.MB.2.19.1,19,1,360,364.44444444,4.444444444444445,370
1.9.1.5.2,19,1,360,362.22222222,2.2222222222222223,370
1.9.2.4.1,19,1,360,364.44444444,4.444444444444445,370
1.9.3.5.2.19.1,19,1,360,361.66666667,1.6666666666666667,370
1.9.4.3.1.1,19,1,360,362.22222222,2.2222222222222223,370
1.9.5.3.2.1,19,1,360,362.22222222,2.2222222222222223,370
1.1.4.19.2,19,2,370,371.66666667,1.6666666666666667,380
1.11.1.3.3,19,2,370,372.22222222,2.2222222222222223,380
1.11.1.MB.2.19.2,19,2,370,374.44444444,4.444444444444445,380
1.9.1.5.3,19,2,370,372.22222222,2.2222222222222223,380
1.9.1.5.1,19,2,372.22222222,375.55555555,3.3333333333333335,380
1.9.3.5.2.19.2,19,2,370,371.66666667,1.6666666666666667,380
1.9.4.3.1.2,19,2,370,372.22222222,2.2222222222222223,380
1.9.5.3.2.2,19,2,370,372.22222222,2.2222222222222223,380
1.1.4.20.1,20,1,380,381.66666667,1.6666666666666667,390
1.11.1.MB.2.20.1,20,1,380,384.44444444,4.444444444444445,390
1.11.3.2.2,20,1,380,383.33333333,3.3333333333333335,390
1.12.1.2,20,1,380,384.44444444,4.444444444444445,390
1.9.1.5.4,20,1,380,382.22222222,2.2222222222222223,390
1.9.2.4.2,20,1,380,384.44444444,4.444444444444445,390
1.9.3.5.2.20.1,20,1,381.11111111,382.77777778,1.6666666666666667,390
1.9.4.3.2.1,20,1,380,382.22222222,2.2222222222222223,390
1.9.5.3.3.1,20,1,380,382.22222222,2.2222222222222223,390
1.1.4.20.2,20,2,390,391.66666667,1.6666666666666667,400
1.11.1.MB.2.20.2,20,2,390,394.44444444,4.444444444444445,400
1.11.5.2.1,20,2,391.11111111,394.44444444,3.3333333333333335,400
1.9.1.5.5,20,2,390,392.22222222,2.2222222222222223,400
1.9.1.5.6,20,2,392.22222222,395.55555555,3.3333333333333335,400
1.9.3.5.2.20.2,20,2,390,391.66666667,1.6666666666666667,400
1.9.3.5.3,20,2,391.66666667,395.0,3.3333333333333335,400
1.9.4.3.2.2,20,2,390,392.22222222,2.2222222222222223,400
1.9.4.3.3,20,2,393.33333333,396.66666666,3.3333333333333335,400
1.9.5.3.3.2,20,2,390,392.22222222,2.2222222222222223,400
1.9.5.3.4,20,2,392.22222222,395.55555555,3.3333333333333335,400
1.11.1.EST.2.1,21,1,400,405.55555556,5.555555555555555,410
1.12.2.1.21.1,21,1,400,400.83333333,0.8333333333333334,410
1.12.2.3.21.1,21,1,400,400.83333333,0.8333333333333334,410
1.9.1.6.1,21,1,400.55555556,403.88888889,3.3333333333333335,410
1.9.3.6.1,21,1,400.55555556,403.88888889,3.3333333333333335,410
1.9.4.4.1,21,1,403.88888889,405.0,1.1111111111111112,410
1.9.5.4.1,21,1,402.77777778,406.11111111,3.3333333333333335,410
1.11.1.EST.2.2,21,2,410,415.55555556,5.555555555555555,420
1.12.2.1.21.2,21,2,410,410.83333333,0.8333333333333334,420
1.12.2.3.21.2,21,2,410,410.83333333,0.8333333333333334,420
1.12.2.4.21,21,2,410,411.66666667,1.6666666666666667,420
1.12.2.5.21,21,2,410.55555556,412.22222222,1.6666666666666667,420
1.12.3.1.21,21,2,410.55555556,412.22222222,1.6666666666666667,420
1.12.3.2.21,21,2,411.66666667,413.33333333,1.6666666666666667,420
1.12.3.3.21,21,2,410.55555556,412.22222222,1.6666666666666667,420
1.12.3.4.21,21,2,411.66666667,413.33333333,1.6666666666666667,420
1.12.3.5.21,21,2,412.77777778,413.88888889,1.1111111111111112,420
1.12.2.1.22.1,22,1,420,420.83333333,0.8333333333333334,430
1.12.2.3.22.1,22,1,420,420.83333333,0.8333333333333334,430
1.12.2.1.22.2,22,2,430,430.83333333,0.8333333333333334,440
1.12.2.3.22.2,22,2,430,430.83333333,0.8333333333333334,440
1.12.2.4.22,22,2,430,431.66666667,1.6666666666666667,440
1.12.2.5.22,22,2,430,431.66666667,1.6666666666666667,440
1.12.3.1.22,22,2,430.55555556,432.22222222,1.6666666666666667,440
1.12.3.2.22,22,2,430.55555556,432.22222222,1.6666666666666667,440
1.12.3.3.22,22,2,430,431.66666667,1.6666666666666667,440
1.12.3.4.22,22,2,431.11111111,432.77777778,1.6666666666666667,440
1.12.3.5.22,22,2,431.66666667,432.77777778,1.1111111111111112,440
1.12.2.1.23.1,23,1,440,440.83333333,0.8333333333333334,450
1.12.2.3.23.1,23,1,440,440.83333333,0.8333333333333334,450
1.12.2.1.23.2,23,2,450,450.83333333,0.8333333333333334,460
1.12.2.3.23.2,23,2,450,450.83333333,0.8333333333333334,460
1.12.2.4.23,23,2,450,451.66666667,1.6666666666666667,460
1.12.2.5.23,23,2,450,451.66666667,1.6666666666666667,460
1.12.3.1.23,23,2,450.55555556,452.22222222,1.6666666666666667,460
1.12.3.2.23,23,2,450.55555556,452.22222222,1.6666666666666667,460
1.12.3.3.23,23,2,450,451.66666667,1.6666666666666667,460
1.12.3.4.23,23,2,451.11111111,452.77777778,1.6666666666666667,460
1.12.3.5.23,23,2,451.66666667,452.77777778,1.1111111111111112,460
1.12.11.1,24,1,460,461.11111111,1.1111111111111112,470
1.12.2.1.24.1,24,1,460,460.83333333,0.8333333333333334,470
1.12.2.3.24.1,24,1,460,460.83333333,0.8333333333333334,470
1.12.6.1,24,1,460,463.33333333,3.3333333333333335,470
1.12.7.1,24,1,461.11111111,462.22222222,1.1111111111111112,470
1.12.2.1.24.2,24,2,470,470.83333333,0.8333333333333334,480
1.12.2.3.24.2,24,2,470,470.83333333,0.8333333333333334,480
1.12.2.4.24,24,2,470,471.66666667,1.6666666666666667,480
1.12.2.5.24,24,2,470,471.66666667,1.6666666666666667,480
1.12.3.1.24,24,2,470.55555556,472.22222222,1.6666666666666667,480
1.12.3.2.24,24,2,470.55555556,472.22222222,1.6666666666666667,480
1.12.3.3.24,24,2,470,471.66666667,1.6666666666666667,480
1.12.3.4.24,24,2,471.11111111,472.77777778,1.6666666666666667,480
1.12.3.5.24,24,2,471.66666667,472.77777778,1.1111111111111112,480
1.12.2.1.25.1,25,1,480,480.83333333,0.8333333333333334,490
1.12.2.3.25.1,25,1,480,480.83333333,0.8333333333333334,490
1.12.2.1.25.2,25,2,490,490.83333333,0.8333333333333334,500
1.12.2.3.25.2,25,2,490,490.83333333,0.8333333333333334,500
1.12.2.4.25,25,2,490,491.66666667,1.6666666666666667,500
1.12.2.5.25,25,2,490,491.66666667,1.6666666666666667,500
1.12.3.1.25,25,2,490.55555556,492.22222222,1.6666666666666667,500
1.12.3.2.25,25,2,490.55555556,492.22222222,1.6666666666666667,500
1.12.3.3.25,25,2,490,491.66666667,1.6666666666666667,500
1.12.3.4.25,25,2,491.11111111,492.77777778,1.6666666666666667,500
1.12.3.5.25,25,2,491.66666667,492.77777778,1.1111111111111112,500
1.12.2.1.26.1,26,1,500,500.83333333,0.8333333333333334,510
1.12.2.3.26.1,26,1,500,500.83333333,0.8333333333333334,510
1.12.4.1.6,26,1,500,504.44444444,4.444444444444445,510
1.12.4.1.7,26,1,500.55555556,505.0,4.444444444444445,510
1.12.2.1.26.2,26,2,510,510.83333333,0.8333333333333334,520
1.12.2.3.26.2,26,2,510,510.83333333,0.8333333333333334,520
1.12.2.4.26,26,2,510,511.66666667,1.6666666666666667,520
1.12.2.5.26,26,2,510,511.66666667,1.6666666666666667,520
1.12.3.1.26,26,2,510.55555556,512.22222222,1.6666666666666667,520
1.12.3.2.26,26,2,510.55555556,512.22222222,1.6666666666666667,520
1.12.3.3.26,26,2,510,511.66666667,1.6666666666666667,520
1.12.3.4.26,26,2,511.11111111,512.77777778,1.6666666666666667,520
1.12.3.5.26,26,2,511.66666667,512.77777778,1.1111111111111112,520
1.12.2.1.27.1,27,1,520,520.83333333,0.8333333333333334,530
1.12.2.3.27.1,27,1,520,520.83333333,0.8333333333333334,530
1.12.2.1.27.2,27,2,530,530.83333333,0.8333333333333334,540
1.12.2.3.27.2,27,2,530,530.83333333,0.8333333333333334,540
1.12.2.4.27,27,2,530,531.66666667,1.6666666666666667,540
1.12.2.5.27,27,2,530,531.66666667,1.6666666666666667,540
1.12.3.1.27,27,2,530.55555556,532.22222222,1.6666666666666667,540
1.12.3.2.27,27,2,530.55555556,532.22222222,1.6666666666666667,540
1.12.3.3.27,27,2,530,531.66666667,1.6666666666666667,540
1.12.3.4.27,27,2,531.11111111,532.77777778,1.6666666666666667,540
1.12.3.5.27,27,2,531.66666667,532.77777778,1.1111111111111112,540
1.12.2.1.28.1,28,1,540,540.83333333,0.8333333333333334,550
1.12.2.3.28.1,28,1,540,540.83333333,0.8333333333333334,550
1.12.2.1.28.2,28,2,550,550.83333333,0.8333333333333334,560
1.12.2.3.28.2,28,2,550,550.83333333,0.8333333333333334,560
1.12.2.4.28,28,2,550,551.66666667,1.6666666666666667,560
1.12.2.5.28,28,2,550,551.66666667,1.6666666666666667,560
1.12.3.1.28,28,2,550.55555556,552.22222222,1.6666666666666667,560
1.12.3.2.28,28,2,550.55555556,552.22222222,1.6666666666666667,560
1.12.3.3.28,28,2,550,551.66666667,1.6666666666666667,560
1.12.3.4.28,28,2,551.11111111,552.77777778,1.6666666666666667,560
1.12.3.5.28,28,2,551.66666667,552.77777778,1.1111111111111112,560
1.12.2.1.29.1,29,1,560,560.83333333,0.8333333333333334,570
1.12.2.3.29.1,29,1,560,560.83333333,0.8333333333333334,570
1.12.2.1.29.2,29,2,570,570.83333333,0.8333333333333334,580
1.12.2.3.29.2,29,2,570,570.83333333,0.8333333333333334,580
1.12.2.4.29,29,2,570,571.66666667,1.6666666666666667,580
1.12.2.5.29,29,2,570,571.66666667,1.6666666666666667,580
1.12.3.1.29,29,2,570.55555556,572.22222222,1.6666666666666667,580
1.12.3.2.29,29,2,570.55555556,572.22222222,1.6666666666666667,580
1.12.3.3.29,29,2,570,571.66666667,1.6666666666666667,580
1.12.3.4.29,29,2,571.11111111,572.77777778,1.6666666666666667,580
1.12.3.5.29,29,2,571.66666667,572.77777778,1.1111111111111112,580
1.12.11.2,30,1,580,581.11111111,1.1111111111111112,590
1.12.2.1.30.1,30,1,580,580.83333333,0.8333333333333334,590
1.12.2.3.30.1,30,1,580,580.83333333,0.8333333333333334,590
1.12.6.2,30,1,580,583.33333333,3.3333333333333335,590
1.12.2.1.30.2,30,2,590,590.83333333,0.8333333333333334,600
1.12.2.3.30.2,30,2,590,590.83333333,0.8333333333333334,600
1.12.2.4.30,30,2,590,591.66666667,1.6666666666666667,600
1.12.2.5.30,30,2,590,591.66666667,1.6666666666666667,600
1.12.3.1.30,30,2,590.55555556,592.22222222,1.6666666666666667,600
1.12.3.2.30,30,2,590.55555556,592.22222222,1.6666666666666667,600
1.12.3.3.30,30,2,590,591.66666667,1.6666666666666667,600
1.12.3.4.30,30,2,591.11111111,592.77777778,1.6666666666666667,600
1.12.3.5.30,30,2,591.66666667,592.77777778,1.1111111111111112,600
1.12.2.1.31.1,31,1,600,600.83333333,0.8333333333333334,610
1.12.2.3.31.1,31,1,600,600.83333333,0.8333333333333334,610
1.12.2.1.31.2,31,2,610,610.83333333,0.8333333333333334,620
1.12.2.3.31.2,31,2,610,610.83333333,0.8333333333333334,620
1.12.2.4.31,31,2,610,611.66666667,1.6666666666666667,620
1.12.2.5.31,31,2,610,611.66666667,1.6666666666666667,620
1.12.3.1.31,31,2,610.55555556,612.22222222,1.6666666666666667,620
1.12.3.2.31,31,2,610.55555556,612.22222222,1.6666666666666667,620
1.12.3.3.31,31,2,610,611.66666667,1.6666666666666667,620
1.12.3.4.31,31,2,611.11111111,612.77777778,1.6666666666666667,620
1.12.3.5.31,31,2,611.66666667,612.77777778,1.1111111111111112,620
1.12.2.1.32.1,32,1,620,620.83333333,0.8333333333333334,630
1.12.2.3.32.1,32,1,620,620.83333333,0.8333333333333334,630
1.12.4.2.6,32,1,620,624.44444444,4.444444444444445,630
1.12.4.2.7,32,1,620.55555556,625.0,4.444444444444445,630
1.12.5.1,32,1,620,626.66666667,6.666666666666667,630
1.12.2.1.32.2,32,2,630,630.83333333,0.8333333333333334,640
1.12.2.3.32.2,32,2,630,630.83333333,0.8333333333333334,640
1.12.2.4.32,32,2,630,631.66666667,1.6666666666666667,640
1.12.2.5.32,32,2,630,631.66666667,1.6666666666666667,640
1.12.3.1.32,32,2,630.55555556,632.22222222,1.6666666666666667,640
1.12.3.2.32,32,2,630.55555556,632.22222222,1.6666666666666667,640
1.12.3.3.32,32,2,630,631.66666667,1.6666666666666667,640
1.12.3.4.32,32,2,631.11111111,632.77777778,1.6666666666666667,640
1.12.3.5.32,32,2,631.66666667,632.77777778,1.1111111111111112,640
1.12.2.1.33.1,33,1,640,640.83333333,0.8333333333333334,650
1.12.2.3.33.1,33,1,640,640.83333333,0.8333333333333334,650
1.12.2.1.33.2,33,2,650,650.83333333,0.8333333333333334,660
1.12.2.3.33.2,33,2,650,650.83333333,0.8333333333333334,660
1.12.2.4.33,33,2,650,651.66666667,1.6666666666666667,660
1.12.2.5.33,33,2,650,651.66666667,1.6666666666666667,660
1.12.3.1.33,33,2,650.55555556,652.22222222,1.6666666666666667,660
1.12.3.2.33,33,2,650.55555556,652.22222222,1.6666666666666667,660
1.12.3.3.33,33,2,650,651.66666667,1.6666666666666667,660
1.12.3.4.33,33,2,651.11111111,652.77777778,1.6666666666666667,660
1.12.3.5.33,33,2,651.66666667,652.77777778,1.1111111111111112,660
1.12.2.1.34.1,34,1,660,660.83333333,0.8333333333333334,670
1.12.2.3.34.1,34,1,660,660.83333333,0.8333333333333334,670
1.12.2.1.34.2,34,2,670,670.83333333,0.8333333333333334,680
1.12.2.3.34.2,34,2,670,670.83333333,0.8333333333333334,680
1.12.2.4.34,34,2,670,671.66666667,1.6666666666666667,680
1.12.2.5.34,34,2,670,671.66666667,1.6666666666666667,680
1.12.3.1.34,34,2,670.55555556,672.22222222,1.6666666666666667,680
1.12.3.2.34,34,2,670.55555556,672.22222222,1.6666666666666667,680
1.12.3.3.34,34,2,670,671.66666667,1.6666666666666667,680
1.12.3.4.34,34,2,671.11111111,672.77777778,1.6666666666666667,680
1.12.3.5.34,34,2,671.66666667,672.77777778,1.1111111111111112,680
1.12.2.1.35.1,35,1,680,680.83333333,0.8333333333333334,690
1.12.2.3.35.1,35,1,680,680.83333333,0.8333333333333334,690
1.12.2.1.35.2,35,2,690,690.83333333,0.8333333333333334,700
1.12.2.3.35.2,35,2,690,690.83333333,0.8333333333333334,700
1.12.2.4.35,35,2,690,691.66666667,1.6666666666666667,700
1.12.2.5.35,35,2,690,691.66666667,1.6666666666666667,700
1.12.3.1.35,35,2,690.55555556,692.22222222,1.6666666666666667,700
1.12.3.2.35,35,2,690.55555556,692.22222222,1.6666666666666667,700
1.12.3.3.35,35,2,690,691.66666667,1.6666666666666667,700
1.12.3.4.35,35,2,691.11111111,692.77777778,1.6666666666666667,700
1.12.3.5.35,35,2,691.66666667,692.77777778,1.1111111111111112,700
1.12.11.3,36,1,700,701.11111111,1.1111111111111112,710
1.12.2.1.36.1,36,1,700,700.83333333,0.8333333333333334,710
1.12.2.3.36.1,36,1,700,700.83333333,0.8333333333333334,710
1.12.6.3,36,1,700,703.33333333,3.3333333333333335,710
1.12.7.2,36,1,701.11111111,702.22222222,1.1111111111111112,710
1.12.2.1.36.2,36,2,710,710.83333333,0.8333333333333334,720
1.12.2.3.36.2,36,2,710,710.83333333,0.8333333333333334,720
1.12.2.4.36,36,2,710,711.66666667,1.6666666666666667,720
1.12.2.5.36,36,2,710,711.66666667,1.6666666666666667,720
1.12.3.1.36,36,2,710.55555556,712.22222222,1.6666666666666667,720
1.12.3.2.36,36,2,710.55555556,712.22222222,1.6666666666666667,720
1.12.3.3.36,36,2,710,711.66666667,1.6666666666666667,720
1.12.3.4.36,36,2,711.11111111,712.77777778,1.6666666666666667,720
1.12.3.5.36,36,2,711.66666667,712.77777778,1.1111111111111112,720
1.12.2.1.37.1,37,1,720,720.83333333,0.8333333333333334,730
1.12.2.3.37.1,37,1,720,720.83333333,0.8333333333333334,730
1.12.2.1.37.2,37,2,730,730.83333333,0.8333333333333334,740
1.12.2.3.37.2,37,2,730,730.83333333,0.8333333333333334,740
1.12.2.4.37,37,2,730,731.66666667,1.6666666666666667,740
1.12.2.5.37,37,2,730,731.66666667,1.6666666666666667,740
1.12.3.1.37,37,2,730.55555556,732.22222222,1.6666666666666667,740
1.12.3.2.37,37,2,730.55555556,732.22222222,1.6666666666666667,740
1.12.3.3.37,37,2,730,731.66666667,1.6666666666666667,740
1.12.3.4.37,37,2,731.11111111,732.77777778,1.6666666666666667,740
1.12.3.5.37,37,2,731.66666667,732.77777778,1.1111111111111112,740
1.12.2.1.38.1,38,1,740,740.83333333,0.8333333333333334,750
1.12.2.3.38.1,38,1,740,740.83333333,0.8333333333333334,750
1.12.4.3.6,38,1,740,744.44444444,4.444444444444445,750
1.12.4.3.7,38,1,740.55555556,745.0,4.444444444444445,750
1.12.2.1.38.2,38,2,750,750.83333333,0.8333333333333334,760
1.12.2.3.38.2,38,2,750,750.83333333,0.8333333333333334,760
1.12.2.4.38,38,2,750,751.66666667,1.6666666666666667,760
1.12.2.5.38,38,2,750,751.66666667,1.6666666666666667,760
1.12.3.1.38,38,2,750.55555556,752.22222222,1.6666666666666667,760
1.12.3.2.38,38,2,750.55555556,752.22222222,1.6666666666666667,760
1.12.3.3.38,38,2,750,751.66666667,1.6666666666666667,760
1.12.3.4.38,38,2,751.11111111,752.77777778,1.6666666666666667,760
1.12.3.5.38,38,2,751.66666667,752.77777778,1.1111111111111112,760
1.12.2.1.39.1,39,1,760,760.83333333,0.8333333333333334,770
1.12.2.3.39.1,39,1,760,760.83333333,0.8333333333333334,770
1.12.2.1.39.2,39,2,770,770.83333333,0.8333333333333334,780
1.12.2.3.39.2,39,2,770,770.83333333,0.8333333333333334,780
1.12.2.4.39,39,2,770,771.66666667,1.6666666666666667,780
1.12.2.5.39,39,2,770,771.66666667,1.6666666666666667,780
1.12.3.1.39,39,2,770.55555556,772.22222222,1.6666666666666667,780
1.12.3.2.39,39,2,770.55555556,772.22222222,1.6666666666666667,780
1.12.3.3.39,39,2,770,771.66666667,1.6666666666666667,780
1.12.3.4.39,39,2,771.11111111,772.77777778,1.6666666666666667,780
1.12.3.5.39,39,2,771.66666667,772.77777778,1.1111111111111112,780
1.12.2.1.40.1,40,1,780,780.83333333,0.8333333333333334,790
1.12.2.3.40.1,40,1,780,780.83333333,0.8333333333333334,790
1.12.2.1.40.2,40,2,790,790.83333333,0.8333333333333334,800
1.12.2.3.40.2,40,2,790,790.83333333,0.8333333333333334,800
1.12.2.4.40,40,2,790,791.66666667,1.6666666666666667,800
1.12.2.5.40,40,2,790,791.66666667,1.6666666666666667,800
1.12.3.1.40,40,2,790.55555556,792.22222222,1.6666666666666667,800
1.12.3.2.40,40,2,790.55555556,792.22222222,1.6666666666666667,800
1.12.3.3.40,40,2,790,791.66666667,1.6666666666666667,800
1.12.3.4.40,40,2,791.11111111,792.77777778,1.6666666666666667,800
1.12.3.5.40,40,2,791.66666667,792.77777778,1.1111111111111112,800
1.12.2.1.41.1,41,1,800,800.83333333,0.8333333333333334,810
1.12.2.3.41.1,41,1,800,800.83333333,0.8333333333333334,810
1.12.2.1.41.2,41,2,810,810.83333333,0.8333333333333334,820
1.12.2.3.41.2,41,2,810,810.83333333,0.8333333333333334,820
1.12.2.4.41,41,2,810,811.66666667,1.6666666666666667,820
1.12.2.5.41,41,2,810,811.66666667,1.6666666666666667,820
1.12.3.1.41,41,2,810.55555556,812.22222222,1.6666666666666667,820
1.12.3.2.41,41,2,810.55555556,812.22222222,1.6666666666666667,820
1.12.3.3.41,41,2,810,811.66666667,1.6666666666666667,820
1.12.3.4.41,41,2,811.11111111,812.77777778,1.6666666666666667,820
1.12.3.5.41,41,2,811.66666667,812.77777778,1.1111111111111112,820
1.12.11.4,42,1,820,821.11111111,1.1111111111111112,830
1.12.2.1.42.1,42,1,820,820.83333333,0.8333333333333334,830
1.12.2.3.42.1,42,1,820,820.83333333,0.8333333333333334,830
1.12.6.4,42,1,820,823.33333333,3.3333333333333335,830
1.12.2.1.42.2,42,2,830,830.83333333,0.8333333333333334,840
1.12.2.3.42.2,42,2,830,830.83333333,0.8333333333333334,840
1.12.2.4.42,42,2,830,831.66666667,1.6666666666666667,840
1.12.2.5.42,42,2,830,831.66666667,1.6666666666666667,840
1.12.3.1.42,42,2,830.55555556,832.22222222,1.6666666666666667,840
1.12.3.2.42,42,2,830.55555556,832.22222222,1.6666666666666667,840
1.12.3.3.42,42,2,830,831.66666667,1.6666666666666667,840
1.12.3.4.42,42,2,831.11111111,832.77777778,1.6666666666666667,840
1.12.3.5.42,42,2,831.66666667,832.77777778,1.1111111111111112,840
1.12.2.1.43.1,43,1,840,840.83333333,0.8333333333333334,850
1.12.2.3.43.1,43,1,840,840.83333333,0.8333333333333334,850
1.12.2.1.43.2,43,2,850,850.83333333,0.8333333333333334,860
1.12.2.3.43.2,43,2,850,850.83333333,0.8333333333333334,860
1.12.2.4.43,43,2,850,851.66666667,1.6666666666666667,860
1.12.2.5.43,43,2,850,851.66666667,1.6666666666666667,860
1.12.3.1.43,43,2,850.55555556,852.22222222,1.6666666666666667,860
1.12.3.2.43,43,2,850.55555556,852.22222222,1.6666666666666667,860
1.12.3.3.43,43,2,850,851.66666667,1.6666666666666667,860
1.12.3.4.43,43,2,851.11111111,852.77777778,1.6666666666666667,860
1.12.3.5.43,43,2,851.66666667,852.77777778,1.1111111111111112,860
1.12.2.1.44.1,44,1,860,860.83333333,0.8333333333333334,870
1.12.2.3.44.1,44,1,860,860.83333333,0.8333333333333334,870
1.12.4.4.6,44,1,860,864.44444444,4.444444444444445,870
1.12.4.4.7,44,1,860.55555556,865.0,4.444444444444445,870
1.12.5.2,44,1,860,866.66666667,6.666666666666667,870
1.12.2.1.44.2,44,2,870,870.83333333,0.8333333333333334,880
1.12.2.3.44.2,44,2,870,870.83333333,0.8333333333333334,880
1.12.2.4.44,44,2,870,871.66666667,1.6666666666666667,880
1.12.2.5.44,44,2,870,871.66666667,1.6666666666666667,880
1.12.3.1.44,44,2,870.55555556,872.22222222,1.6666666666666667,880
1.12.3.2.44,44,2,870.55555556,872.22222222,1.6666666666666667,880
1.12.3.3.44,44,2,870,871.66666667,1.6666666666666667,880
1.12.3.4.44,44,2,871.11111111,872.77777778,1.6666666666666667,880
1.12.3.5.44,44,2,871.66666667,872.77777778,1.1111111111111112,880
1.12.2.1.45.1,45,1,880,880.83333333,0.8333333333333334,890
1.12.2.3.45.1,45,1,880,880.83333333,0.8333333333333334,890
1.12.2.1.45.2,45,2,890,890.83333333,0.8333333333333334,900
1.12.2.3.45.2,45,2,890,890.83333333,0.8333333333333334,900
1.12.2.4.45,45,2,890,891.66666667,1.6666666666666667,900
1.12.2.5.45,45,2,890,891.66666667,1.6666666666666667,900
1.12.3.1.45,45,2,890.55555556,892.22222222,1.6666666666666667,900
1.12.3.2.45,45,2,890.55555556,892.22222222,1.6666666666666667,900
1.12.3.3.45,45,2,890,891.66666667,1.6666666666666667,900
1.12.3.4.45,45,2,891.11111111,892.77777778,1.6666666666666667,900
1.12.3.5.45,45,2,891.66666667,892.77777778,1.1111111111111112,900
1.12.2.1.46.1,46,1,900,900.83333333,0.8333333333333334,910
1.12.2.3.46.1,46,1,900,900.83333333,0.8333333333333334,910
1.12.2.1.46.2,46,2,910,910.83333333,0.8333333333333334,920
1.12.2.3.46.2,46,2,910,910.83333333,0.8333333333333334,920
1.12.2.4.46,46,2,910,911.66666667,1.6666666666666667,920
1.12.2.5.46,46,2,910,911.66666667,1.6666666666666667,920
1.12.3.1.46,46,2,910.55555556,912.22222222,1.6666666666666667,920
1.12.3.2.46,46,2,910.55555556,912.22222222,1.6666666666666667,920
1.12.3.3.46,46,2,910,911.66666667,1.6666666666666667,920
1.12.3.4.46,46,2,911.11111111,912.77777778,1.6666666666666667,920
1.12.3.5.46,46,2,911.66666667,912.77777778,1.1111111111111112,920
1.12.2.1.47.1,47,1,920,920.83333333,0.8333333333333334,930
1.12.2.3.47.1,47,1,920,920.83333333,0.8333333333333334,930
1.12.2.1.47.2,47,2,930,930.83333333,0.8333333333333334,940
1.12.2.3.47.2,47,2,930,930.83333333,0.8333333333333334,940
1.12.2.4.47,47,2,930,931.66666667,1.6666666666666667,940
1.12.2.5.47,47,2,930,931.66666667,1.6666666666666667,940
1.12.3.1.47,47,2,930.55555556,932.22222222,1.6666666666666667,940
1.12.3.2.47,47,2,930.55555556,932.22222222,1.6666666666666667,940
1.12.3.3.47,47,2,930,931.66666667,1.6666666666666667,940
1.12.3.4.47,47,2,931.11111111,932.77777778,1.6666666666666667,940
1.12.3.5.47,47,2,931.66666667,932.77777778,1.1111111111111112,940
1.12.11.5,48,1,940,941.11111111,1.1111111111111112,950
1.12.2.1.48.1,48,1,940,940.83333333,0.8333333333333334,950
1.12.2.3.48.1,48,1,940,940.83333333,0.8333333333333334,950
1.12.6.5,48,1,940,943.33333333,3.3333333333333335,950
1.12.7.3,48,1,941.11111111,942.22222222,1.1111111111111112,950
1.12.2.1.48.2,48,2,950,950.83333333,0.8333333333333334,960
1.12.2.3.48.2,48,2,950,950.83333333,0.8333333333333334,960
1.12.2.4.48,48,2,950,951.66666667,1.6666666666666667,960
1.12.2.5.48,48,2,950,951.66666667,1.6666666666666667,960
1.12.3.1.48,48,2,950.55555556,952.22222222,1.6666666666666667,960
1.12.3.2.48,48,2,950.55555556,952.22222222,1.6666666666666667,960
1.12.3.3.48,48,2,950,951.66666667,1.6666666666666667,960
1.12.3.4.48,48,2,951.11111111,952.77777778,1.6666666666666667,960
1.12.3.5.48,48,2,951.66666667,952.77777778,1.1111111111111112,960
1.12.2.1.49.1,49,1,960,960.83333333,0.8333333333333334,970
1.12.2.3.49.1,49,1,960,960.83333333,0.8333333333333334,970
1.12.2.1.49.2,49,2,970,970.83333333,0.8333333333333334,980
1.12.2.3.49.2,49,2,970,970.83333333,0.8333333333333334,980
1.12.2.4.49,49,2,970,971.66666667,1.6666666666666667,980
1.12.2.5.49,49,2,970,971.66666667,1.6666666666666667,980
1.12.3.1.49,49,2,970.55555556,972.22222222,1.6666666666666667,980
1.12.3.2.49,49,2,970.55555556,972.22222222,1.6666666666666667,980
1.12.3.3.49,49,2,970,971.66666667,1.6666666666666667,980
1.12.3.4.49,49,2,971.11111111,972.77777778,1.6666666666666667,980
1.12.3.5.49,49,2,971.66666667,972.77777778,1.1111111111111112,980
1.12.2.1.50.1,50,1,980,980.83333333,0.8333333333333334,990
1.12.2.3.50.1,50,1,980,980.83333333,0.8333333333333334,990
1.12.4.5.6,50,1,980,984.44444444,4.444444444444445,990
1.12.4.5.7,50,1,980.55555556,985.0,4.444444444444445,990
1.12.2.1.50.2,50,2,990,990.83333333,0.8333333333333334,1000
1.12.2.3.50.2,50,2,990,990.83333333,0.8333333333333334,1000
1.12.2.4.50,50,2,990,991.66666667,1.6666666666666667,1000
1.12.2.5.50,50,2,990,991.66666667,1.6666666666666667,1000
1.12.3.1.50,50,2,990.55555556,992.22222222,1.6666666666666667,1000
1.12.3.2.50,50,2,990.55555556,992.22222222,1.6666666666666667,1000
1.12.3.3.50,50,2,990,991.66666667,1.6666666666666667,1000
1.12.3.4.50,50,2,991.11111111,992.77777778,1.6666666666666667,1000
1.12.3.5.50,50,2,991.66666667,992.77777778,1.1111111111111112,1000
1.12.2.1.51.1,51,1,1000,1000.83333333,0.8333333333333334,1010
1.12.2.3.51.1,51,1,1000,1000.83333333,0.8333333333333334,1010
1.12.2.1.51.2,51,2,1010,1010.83333333,0.8333333333333334,1020
1.12.2.3.51.2,51,2,1010,1010.83333333,0.8333333333333334,1020
1.12.2.4.51,51,2,1010,1011.66666667,1.6666666666666667,1020
1.12.2.5.51,51,2,1010,1011.66666667,1.6666666666666667,1020
1.12.3.1.51,51,2,1010.55555556,1012.22222222,1.6666666666666667,1020
1.12.3.2.51,51,2,1010.55555556,1012.22222222,1.6666666666666667,1020
1.12.3.3.51,51,2,1010,1011.66666667,1.6666666666666667,1020
1.12.3.4.51,51,2,1011.11111111,1012.77777778,1.6666666666666667,1020
1.12.3.5.51,51,2,1011.66666667,1012.77777778,1.1111111111111112,1020
1.12.2.1.52.1,52,1,1020,1020.83333333,0.8333333333333334,1030
1.12.2.3.52.1,52,1,1020,1020.83333333,0.8333333333333334,1030
1.12.2.1.52.2,52,2,1030,1030.83333333,0.8333333333333334,1040
1.12.2.3.52.2,52,2,1030,1030.83333333,0.8333333333333334,1040
1.12.2.4.52,52,2,1030,1031.66666667,1.6666666666666667,1040
1.12.2.5.52,52,2,1030,1031.66666667,1.6666666666666667,1040
1.12.3.1.52,52,2,1030.55555556,1032.22222222,1.6666666666666667,1040
1.12.3.2.52,52,2,1030.55555556,1032.22222222,1.6666666666666667,1040
1.12.3.3.52,52,2,1030,1031.66666667,1.6666666666666667,1040
1.12.3.4.52,52,2,1031.11111111,1032.77777778,1.6666666666666667,1040
1.12.3.5.52,52,2,1031.66666667,1032.77777778,1.1111111111111112,1040
1.12.2.1.53.1,53,1,1040,1040.83333333,0.8333333333333334,1050
1.12.2.3.53.1,53,1,1040,1040.83333333,0.8333333333333334,1050
1.12.8.1,53,1,1040,1042.22222222,2.2222222222222223,1050
1.12.8.2,53,1,1040,1045.55555556,5.555555555555555,1050
1.12.9.53.1,53,1,1040,1041.66666667,1.6666666666666667,1050
1.12.2.1.53.2,53,2,1050,1050.83333333,0.8333333333333334,1060
1.12.2.3.53.2,53,2,1050,1050.83333333,0.8333333333333334,1060
1.12.2.4.53,53,2,1050,1051.66666667,1.6666666666666667,1060
1.12.2.5.53,53,2,1050,1051.66666667,1.6666666666666667,1060
1.12.3.1.53,53,2,1050.55555556,1052.22222222,1.6666666666666667,1060
1.12.3.2.53,53,2,1050.55555556,1052.22222222,1.6666666666666667,1060
1.12.3.3.53,53,2,1050,1051.66666667,1.6666666666666667,1060
1.12.3.4.53,53,2,1051.11111111,1052.77777778,1.6666666666666667,1060
1.12.3.5.53,53,2,1051.66666667,1052.77777778,1.1111111111111112,1060
1.12.9.53.2,53,2,1051.66666667,1053.33333333,1.6666666666666667,1060
1.12.11.6,54,1,1060,1061.11111111,1.1111111111111112,1070
1.12.2.1.54.1,54,1,1060,1060.83333333,0.8333333333333334,1070
1.12.2.3.54.1,54,1,1060,1060.83333333,0.8333333333333334,1070
1.12.6.6,54,1,1060,1063.33333333,3.3333333333333335,1070
1.12.8.3,54,1,1060,1064.44444444,4.444444444444445,1070
1.12.8.4,54,1,1060,1064.44444444,4.444444444444445,1070
1.12.8.5,54,1,1060.55555556,1063.88888889,3.3333333333333335,1070
1.12.9.54.1,54,1,1061.11111111,1062.77777778,1.6666666666666667,1070
1.12.2.1.54.2,54,2,1070,1070.83333333,0.8333333333333334,1080
1.12.2.3.54.2,54,2,1070,1070.83333333,0.8333333333333334,1080
1.12.2.4.54,54,2,1070,1071.66666667,1.6666666666666667,1080
1.12.2.5.54,54,2,1070,1071.66666667,1.6666666666666667,1080
1.12.3.1.54,54,2,1070.55555556,1072.22222222,1.6666666666666667,1080
1.12.3.2.54,54,2,1070.55555556,1072.22222222,1.6666666666666667,1080
1.12.3.3.54,54,2,1070,1071.66666667,1.6666666666666667,1080
1.12.3.4.54,54,2,1071.11111111,1072.77777778,1.6666666666666667,1080
1.12.3.5.54,54,2,1071.66666667,1072.77777778,1.1111111111111112,1080
1.12.9.54.2,54,2,1071.66666667,1073.33333333,1.6666666666666667,1080
1.12.2.1.55.1,55,1,1080,1080.83333333,0.8333333333333334,1090
1.12.2.3.55.1,55,1,1080,1080.83333333,0.8333333333333334,1090
1.12.9.55.1,55,1,1080,1081.66666667,1.6666666666666667,1090
1.12.2.1.55.2,55,2,1090,1090.83333333,0.8333333333333334,1100
1.12.2.3.55.2,55,2,1090,1090.83333333,0.8333333333333334,1100
1.12.2.4.55,55,2,1090,1091.66666667,1.6666666666666667,1100
1.12.2.5.55,55,2,1090,1091.66666667,1.6666666666666667,1100
1.12.3.1.55,55,2,1090.55555556,1092.22222222,1.6666666666666667,1100
1.12.3.2.55,55,2,1090.55555556,1092.22222222,1.6666666666666667,1100
1.12.3.3.55,55,2,1090,1091.66666667,1.6666666666666667,1100
1.12.3.4.55,55,2,1091.11111111,1092.77777778,1.6666666666666667,1100
1.12.3.5.55,55,2,1091.66666667,1092.77777778,1.1111111111111112,1100
1.12.9.55.2,55,2,1091.66666667,1093.33333333,1.6666666666666667,1100
1.12.2.1.56.1,56,1,1100,1100.83333333,0.8333333333333334,1110
1.12.2.3.56.1,56,1,1100,1100.83333333,0.8333333333333334,1110
1.12.4.6.6,56,1,1100,1104.44444444,4.444444444444445,1110
1.12.4.6.7,56,1,1100.55555556,1105.0,4.444444444444445,1110
1.12.5.3,56,1,1100,1106.66666667,6.666666666666667,1110
1.12.9.56.1,56,1,1100.55555556,1102.22222222,1.6666666666666667,1110
1.12.2.1.56.2,56,2,1110,1110.83333333,0.8333333333333334,1120
1.12.2.3.56.2,56,2,1110,1110.83333333,0.8333333333333334,1120
1.12.2.4.56,56,2,1110,1111.66666667,1.6666666666666667,1120
1.12.2.5.56,56,2,1110,1111.66666667,1.6666666666666667,1120
1.12.3.1.56,56,2,1110.55555556,1112.22222222,1.6666666666666667,1120
1.12.3.2.56,56,2,1110.55555556,1112.22222222,1.6666666666666667,1120
1.12.3.3.56,56,2,1110,1111.66666667,1.6666666666666667,1120
1.12.3.4.56,56,2,1111.11111111,1112.77777778,1.6666666666666667,1120
1.12.3.5.56,56,2,1111.66666667,1112.77777778,1.1111111111111112,1120
1.12.9.56.2,56,2,1111.66666667,1113.33333333,1.6666666666666667,1120
