Codigo,Origen,Mes,Quincena,Total,A,D,S,Q,V,I,O,L,J
1.12.2.1.21.1,IN1.7,21,1,8,2,0,0,2,0,0,4,0,0
1.12.2.1.21.2,IN1.7,21,2,8,2,0,0,2,0,0,4,0,0
1.12.2.3.21.1,IN3.7,21,1,8,0,2,0,2,0,0,4,0,0
1.12.2.3.21.2,IN3.7,21,2,8,0,2,0,2,0,0,4,0,0
1.12.2.4.21,IN4.4,21,2,16,8,0,0,4,0,0,0,0,4
1.12.2.5.21,IN5.4,21,2,16,0,8,0,4,0,0,4,0,0
1.12.2.1.22.1,IN1.7,22,1,8,2,0,0,2,0,0,4,0,0
1.12.2.1.22.2,IN1.7,22,2,8,2,0,0,2,0,0,4,0,0
1.12.2.3.22.1,IN3.7,22,1,8,0,2,0,2,0,0,4,0,0
1.12.2.3.22.2,IN3.7,22,2,8,0,2,0,2,0,0,4,0,0
1.12.2.4.22,IN4.4,22,2,16,8,0,0,4,0,0,0,0,4
1.12.2.5.22,IN5.4,22,2,16,0,8,0,4,0,0,4,0,0
1.12.2.1.23.1,IN1.7,23,1,8,2,0,0,2,0,0,4,0,0
1.12.2.1.23.2,IN1.7,23,2,8,2,0,0,2,0,0,4,0,0
1.12.2.3.23.1,IN3.7,23,1,8,0,2,0,2,0,0,4,0,0
1.12.2.3.23.2,IN3.7,23,2,8,0,2,0,2,0,0,4,0,0
1.12.2.4.23,IN4.4,23,2,16,8,0,0,4,0,0,0,0,4
1.12.2.5.23,IN5.4,23,2,16,0,8,0,4,0,0,4,0,0
1.12.2.1.24.1,IN1.7,24,1,8,2,0,0,2,0,0,4,0,0
1.12.2.1.24.2,IN1.7,24,2,8,2,0,0,2,0,0,4,0,0
1.12.2.3.24.1,IN3.7,24,1,8,0,2,0,2,0,0,4,0,0
1.12.2.3.24.2,IN3.7,24,2,8,0,2,0,2,0,0,4,0,0
1.12.2.4.24,IN4.4,24,2,16,8,0,0,4,0,0,0,0,4
1.12.2.5.24,IN5.4,24,2,16,0,8,0,4,0,0,4,0,0
1.12.2.1.25.1,IN1.7,25,1,8,2,0,0,2,0,0,4,0,0
1.12.2.1.25.2,IN1.7,25,2,8,2,0,0,2,0,0,4,0,0
1.12.2.3.25.1,IN3.7,25,1,8,0,2,0,2,0,0,4,0,0
1.12.2.3.25.2,IN3.7,25,2,8,0,2,0,2,0,0,4,0,0
1.12.2.4.25,IN4.4,25,2,16,8,0,0,4,0,0,0,0,4
1.12.2.5.25,IN5.4,25,2,16,0,8,0,4,0,0,4,0,0
1.12.2.1.26.1,IN1.7,26,1,8,2,0,0,2,0,0,4,0,0
1.12.2.1.26.2,IN1.7,26,2,8,2,0,0,2,0,0,4,0,0
1.12.2.3.26.1,IN3.7,26,1,8,0,2,0,2,0,0,4,0,0
1.12.2.3.26.2,IN3.7,26,2,8,0,2,0,2,0,0,4,0,0
1.12.2.4.26,IN4.4,26,2,16,8,0,0,4,0,0,0,0,4
1.12.2.5.26,IN5.4,26,2,16,0,8,0,4,0,0,4,0,0
1.12.2.1.27.1,IN1.7,27,1,8,2,0,0,2,0,0,4,0,0
1.12.2.1.27.2,IN1.7,27,2,8,2,0,0,2,0,0,4,0,0
1.12.2.3.27.1,IN3.7,27,1,8,0,2,0,2,0,0,4,0,0
1.12.2.3.27.2,IN3.7,27,2,8,0,2,0,2,0,0,4,0,0
1.12.2.4.27,IN4.4,27,2,16,8,0,0,4,0,0,0,0,4
1.12.2.5.27,IN5.4,27,2,16,0,8,0,4,0,0,4,0,0
1.12.2.1.28.1,IN1.7,28,1,8,2,0,0,2,0,0,4,0,0
1.12.2.1.28.2,IN1.7,28,2,8,2,0,0,2,0,0,4,0,0
1.12.2.3.28.1,IN3.7,28,1,8,0,2,0,2,0,0,4,0,0
1.12.2.3.28.2,IN3.7,28,2,8,0,2,0,2,0,0,4,0,0
1.12.2.4.28,IN4.4,28,2,16,8,0,0,4,0,0,0,0,4
1.12.2.5.28,IN5.4,28,2,16,0,8,0,4,0,0,4,0,0
1.12.2.1.29.1,IN1.7,29,1,8,2,0,0,2,0,0,4,0,0
1.12.2.1.29.2,IN1.7,29,2,8,2,0,0,2,0,0,4,0,0
1.12.2.3.29.1,IN3.7,29,1,8,0,2,0,2,0,0,4,0,0
1.12.2.3.29.2,IN3.7,29,2,8,0,2,0,2,0,0,4,0,0
1.12.2.4.29,IN4.4,29,2,16,8,0,0,4,0,0,0,0,4
1.12.2.5.29,IN5.4,29,2,16,0,8,0,4,0,0,4,0,0
1.12.2.1.30.1,IN1.7,30,1,8,2,0,0,2,0,0,4,0,0
1.12.2.1.30.2,IN1.7,30,2,8,2,0,0,2,0,0,4,0,0
1.12.2.3.30.1,IN3.7,30,1,8,0,2,0,2,0,0,4,0,0
1.12.2.3.30.2,IN3.7,30,2,8,0,2,0,2,0,0,4,0,0
1.12.2.4.30,IN4.4,30,2,16,8,0,0,4,0,0,0,0,4
1.12.2.5.30,IN5.4,30,2,16,0,8,0,4,0,0,4,0,0
1.12.2.1.31.1,IN1.7,31,1,8,2,0,0,2,0,0,4,0,0
1.12.2.1.31.2,IN1.7,31,2,8,2,0,0,2,0,0,4,0,0
1.12.2.3.31.1,IN3.7,31,1,8,0,2,0,2,0,0,4,0,0
1.12.2.3.31.2,IN3.7,31,2,8,0,2,0,2,0,0,4,0,0
1.12.2.4.31,IN4.4,31,2,16,8,0,0,4,0,0,0,0,4
1.12.2.5.31,IN5.4,31,2,16,0,8,0,4,0,0,4,0,0
1.12.2.1.32.1,IN1.7,32,1,8,2,0,0,2,0,0,4,0,0
1.12.2.1.32.2,IN1.7,32,2,8,2,0,0,2,0,0,4,0,0
1.12.2.3.32.1,IN3.7,32,1,8,0,2,0,2,0,0,4,0,0
1.12.2.3.32.2,IN3.7,32,2,8,0,2,0,2,0,0,4,0,0
1.12.2.4.32,IN4.4,32,2,16,8,0,0,4,0,0,0,0,4
1.12.2.5.32,IN5.4,32,2,16,0,8,0,4,0,0,4,0,0
1.12.2.1.33.1,IN1.7,33,1,8,2,0,0,2,0,0,4,0,0
1.12.2.1.33.2,IN1.7,33,2,8,2,0,0,2,0,0,4,0,0
1.12.2.3.33.1,IN3.7,33,1,8,0,2,0,2,0,0,4,0,0
1.12.2.3.33.2,IN3.7,33,2,8,0,2,0,2,0,0,4,0,0
1.12.2.4.33,IN4.4,33,2,16,8,0,0,4,0,0,0,0,4
1.12.2.5.33,IN5.4,33,2,16,0,8,0,4,0,0,4,0,0
1.12.2.1.34.1,IN1.7,34,1,8,2,0,0,2,0,0,4,0,0
1.12.2.1.34.2,IN1.7,34,2,8,2,0,0,2,0,0,4,0,0
1.12.2.3.34.1,IN3.7,34,1,8,0,2,0,2,0,0,4,0,0
1.12.2.3.34.2,IN3.7,34,2,8,0,2,0,2,0,0,4,0,0
1.12.2.4.34,IN4.4,34,2,16,8,0,0,4,0,0,0,0,4
1.12.2.5.34,IN5.4,34,2,16,0,8,0,4,0,0,4,0,0
1.12.2.1.35.1,IN1.7,35,1,8,2,0,0,2,0,0,4,0,0
1.12.2.1.35.2,IN1.7,35,2,8,2,0,0,2,0,0,4,0,0
1.12.2.3.35.1,IN3.7,35,1,8,0,2,0,2,0,0,4,0,0
1.12.2.3.35.2,IN3.7,35,2,8,0,2,0,2,0,0,4,0,0
1.12.2.4.35,IN4.4,35,2,16,8,0,0,4,0,0,0,0,4
1.12.2.5.35,IN5.4,35,2,16,0,8,0,4,0,0,4,0,0
1.12.2.1.36.1,IN1.7,36,1,8,2,0,0,2,0,0,4,0,0
1.12.2.1.36.2,IN1.7,36,2,8,2,0,0,2,0,0,4,0,0
1.12.2.3.36.1,IN3.7,36,1,8,0,2,0,2,0,0,4,0,0
1.12.2.3.36.2,IN3.7,36,2,8,0,2,0,2,0,0,4,0,0
1.12.2.4.36,IN4.4,36,2,16,8,0,0,4,0,0,0,0,4
1.12.2.5.36,IN5.4,36,2,16,0,8,0,4,0,0,4,0,0
1.12.2.1.37.1,IN1.7,37,1,8,2,0,0,2,0,0,4,0,0
1.12.2.1.37.2,IN1.7,37,2,8,2,0,0,2,0,0,4,0,0
1.12.2.3.37.1,IN3.7,37,1,8,0,2,0,2,0,0,4,0,0
1.12.2.3.37.2,IN3.7,37,2,8,0,2,0,2,0,0,4,0,0
1.12.2.4.37,IN4.4,37,2,16,8,0,0,4,0,0,0,0,4
1.12.2.5.37,IN5.4,37,2,16,0,8,0,4,0,0,4,0,0
1.12.2.1.38.1,IN1.7,38,1,8,2,0,0,2,0,0,4,0,0
1.12.2.1.38.2,IN1.7,38,2,8,2,0,0,2,0,0,4,0,0
1.12.2.3.38.1,IN3.7,38,1,8,0,2,0,2,0,0,4,0,0
1.12.2.3.38.2,IN3.7,38,2,8,0,2,0,2,0,0,4,0,0
1.12.2.4.38,IN4.4,38,2,16,8,0,0,4,0,0,0,0,4
1.12.2.5.38,IN5.4,38,2,16,0,8,0,4,0,0,4,0,0
1.12.2.1.39.1,IN1.7,39,1,8,2,0,0,2,0,0,4,0,0
1.12.2.1.39.2,IN1.7,39,2,8,2,0,0,2,0,0,4,0,0
1.12.2.3.39.1,IN3.7,39,1,8,0,2,0,2,0,0,4,0,0
1.12.2.3.39.2,IN3.7,39,2,8,0,2,0,2,0,0,4,0,0
1.12.2.4.39,IN4.4,39,2,16,8,0,0,4,0,0,0,0,4
1.12.2.5.39,IN5.4,39,2,16,0,8,0,4,0,0,4,0,0
1.12.2.1.40.1,IN1.7,40,1,8,2,0,0,2,0,0,4,0,0
1.12.2.1.40.2,IN1.7,40,2,8,2,0,0,2,0,0,4,0,0
1.12.2.3.40.1,IN3.7,40,1,8,0,2,0,2,0,0,4,0,0
1.12.2.3.40.2,IN3.7,40,2,8,0,2,0,2,0,0,4,0,0
1.12.2.4.40,IN4.4,40,2,16,8,0,0,4,0,0,0,0,4
1.12.2.5.40,IN5.4,40,2,16,0,8,0,4,0,0,4,0,0
1.12.2.1.41.1,IN1.7,41,1,8,2,0,0,2,0,0,4,0,0
1.12.2.1.41.2,IN1.7,41,2,8,2,0,0,2,0,0,4,0,0
1.12.2.3.41.1,IN3.7,41,1,8,0,2,0,2,0,0,4,0,0
1.12.2.3.41.2,IN3.7,41,2,8,0,2,0,2,0,0,4,0,0
1.12.2.4.41,IN4.4,41,2,16,8,0,0,4,0,0,0,0,4
1.12.2.5.41,IN5.4,41,2,16,0,8,0,4,0,0,4,0,0
1.12.2.1.42.1,IN1.7,42,1,8,2,0,0,2,0,0,4,0,0
1.12.2.1.42.2,IN1.7,42,2,8,2,0,0,2,0,0,4,0,0
1.12.2.3.42.1,IN3.7,42,1,8,0,2,0,2,0,0,4,0,0
1.12.2.3.42.2,IN3.7,42,2,8,0,2,0,2,0,0,4,0,0
1.12.2.4.42,IN4.4,42,2,16,8,0,0,4,0,0,0,0,4
1.12.2.5.42,IN5.4,42,2,16,0,8,0,4,0,0,4,0,0
1.12.2.1.43.1,IN1.7,43,1,8,2,0,0,2,0,0,4,0,0
1.12.2.1.43.2,IN1.7,43,2,8,2,0,0,2,0,0,4,0,0
1.12.2.3.43.1,IN3.7,43,1,8,0,2,0,2,0,0,4,0,0
1.12.2.3.43.2,IN3.7,43,2,8,0,2,0,2,0,0,4,0,0
1.12.2.4.43,IN4.4,43,2,16,8,0,0,4,0,0,0,0,4
1.12.2.5.43,IN5.4,43,2,16,0,8,0,4,0,0,4,0,0
1.12.2.1.44.1,IN1.7,44,1,8,2,0,0,2,0,0,4,0,0
1.12.2.1.44.2,IN1.7,44,2,8,2,0,0,2,0,0,4,0,0
1.12.2.3.44.1,IN3.7,44,1,8,0,2,0,2,0,0,4,0,0
1.12.2.3.44.2,IN3.7,44,2,8,0,2,0,2,0,0,4,0,0
1.12.2.4.44,IN4.4,44,2,16,8,0,0,4,0,0,0,0,4
1.12.2.5.44,IN5.4,44,2,16,0,8,0,4,0,0,4,0,0
1.12.2.1.45.1,IN1.7,45,1,8,2,0,0,2,0,0,4,0,0
1.12.2.1.45.2,IN1.7,45,2,8,2,0,0,2,0,0,4,0,0
1.12.2.3.45.1,IN3.7,45,1,8,0,2,0,2,0,0,4,0,0
1.12.2.3.45.2,IN3.7,45,2,8,0,2,0,2,0,0,4,0,0
1.12.2.4.45,IN4.4,45,2,16,8,0,0,4,0,0,0,0,4
1.12.2.5.45,IN5.4,45,2,16,0,8,0,4,0,0,4,0,0
1.12.2.1.46.1,IN1.7,46,1,8,2,0,0,2,0,0,4,0,0
1.12.2.1.46.2,IN1.7,46,2,8,2,0,0,2,0,0,4,0,0
1.12.2.3.46.1,IN3.7,46,1,8,0,2,0,2,0,0,4,0,0
1.12.2.3.46.2,IN3.7,46,2,8,0,2,0,2,0,0,4,0,0
1.12.2.4.46,IN4.4,46,2,16,8,0,0,4,0,0,0,0,4
1.12.2.5.46,IN5.4,46,2,16,0,8,0,4,0,0,4,0,0
1.12.2.1.47.1,IN1.7,47,1,8,2,0,0,2,0,0,4,0,0
1.12.2.1.47.2,IN1.7,47,2,8,2,0,0,2,0,0,4,0,0
1.12.2.3.47.1,IN3.7,47,1,8,0,2,0,2,0,0,4,0,0
1.12.2.3.47.2,IN3.7,47,2,8,0,2,0,2,0,0,4,0,0
1.12.2.4.47,IN4.4,47,2,16,8,0,0,4,0,0,0,0,4
1.12.2.5.47,IN5.4,47,2,16,0,8,0,4,0,0,4,0,0
1.12.2.1.48.1,IN1.7,48,1,8,2,0,0,2,0,0,4,0,0
1.12.2.1.48.2,IN1.7,48,2,8,2,0,0,2,0,0,4,0,0
1.12.2.3.48.1,IN3.7,48,1,8,0,2,0,2,0,0,4,0,0
1.12.2.3.48.2,IN3.7,48,2,8,0,2,0,2,0,0,4,0,0
1.12.2.4.48,IN4.4,48,2,16,8,0,0,4,0,0,0,0,4
1.12.2.5.48,IN5.4,48,2,16,0,8,0,4,0,0,4,0,0
1.12.2.1.49.1,IN1.7,49,1,8,2,0,0,2,0,0,4,0,0
1.12.2.1.49.2,IN1.7,49,2,8,2,0,0,2,0,0,4,0,0
1.12.2.3.49.1,IN3.7,49,1,8,0,2,0,2,0,0,4,0,0
1.12.2.3.49.2,IN3.7,49,2,8,0,2,0,2,0,0,4,0,0
1.12.2.4.49,IN4.4,49,2,16,8,0,0,4,0,0,0,0,4
1.12.2.5.49,IN5.4,49,2,16,0,8,0,4,0,0,4,0,0
1.12.2.1.50.1,IN1.7,50,1,8,2,0,0,2,0,0,4,0,0
1.12.2.1.50.2,IN1.7,50,2,8,2,0,0,2,0,0,4,0,0
1.12.2.3.50.1,IN3.7,50,1,8,0,2,0,2,0,0,4,0,0
1.12.2.3.50.2,IN3.7,50,2,8,0,2,0,2,0,0,4,0,0
1.12.2.4.50,IN4.4,50,2,16,8,0,0,4,0,0,0,0,4
1.12.2.5.50,IN5.4,50,2,16,0,8,0,4,0,0,4,0,0
1.12.2.1.51.1,IN1.7,51,1,8,2,0,0,2,0,0,4,0,0
1.12.2.1.51.2,IN1.7,51,2,8,2,0,0,2,0,0,4,0,0
1.12.2.3.51.1,IN3.7,51,1,8,0,2,0,2,0,0,4,0,0
1.12.2.3.51.2,IN3.7,51,2,8,0,2,0,2,0,0,4,0,0
1.12.2.4.51,IN4.4,51,2,16,8,0,0,4,0,0,0,0,4
1.12.2.5.51,IN5.4,51,2,16,0,8,0,4,0,0,4,0,0
1.12.2.1.52.1,IN1.7,52,1,8,2,0,0,2,0,0,4,0,0
1.12.2.1.52.2,IN1.7,52,2,8,2,0,0,2,0,0,4,0,0
1.12.2.3.52.1,IN3.7,52,1,8,0,2,0,2,0,0,4,0,0
1.12.2.3.52.2,IN3.7,52,2,8,0,2,0,2,0,0,4,0,0
1.12.2.4.52,IN4.4,52,2,16,8,0,0,4,0,0,0,0,4
1.12.2.5.52,IN5.4,52,2,16,0,8,0,4,0,0,4,0,0
1.12.2.1.53.1,IN1.7,53,1,8,2,0,0,2,0,0,4,0,0
1.12.2.1.53.2,IN1.7,53,2,8,2,0,0,2,0,0,4,0,0
1.12.2.3.53.1,IN3.7,53,1,8,0,2,0,2,0,0,4,0,0
1.12.2.3.53.2,IN3.7,53,2,8,0,2,0,2,0,0,4,0,0
1.12.2.4.53,IN4.4,53,2,16,8,0,0,4,0,0,0,0,4
1.12.2.5.53,IN5.4,53,2,16,0,8,0,4,0,0,4,0,0
1.12.2.1.54.1,IN1.7,54,1,8,2,0,0,2,0,0,4,0,0
1.12.2.1.54.2,IN1.7,54,2,8,2,0,0,2,0,0,4,0,0
1.12.2.3.54.1,IN3.7,54,1,8,0,2,0,2,0,0,4,0,0
1.12.2.3.54.2,IN3.7,54,2,8,0,2,0,2,0,0,4,0,0
1.12.2.4.54,IN4.4,54,2,16,8,0,0,4,0,0,0,0,4
1.12.2.5.54,IN5.4,54,2,16,0,8,0,4,0,0,4,0,0
1.12.2.1.55.1,IN1.7,55,1,8,2,0,0,2,0,0,4,0,0
1.12.2.1.55.2,IN1.7,55,2,8,2,0,0,2,0,0,4,0,0
1.12.2.3.55.1,IN3.7,55,1,8,0,2,0,2,0,0,4,0,0
1.12.2.3.55.2,IN3.7,55,2,8,0,2,0,2,0,0,4,0,0
1.12.2.4.55,IN4.4,55,2,16,8,0,0,4,0,0,0,0,4
1.12.2.5.55,IN5.4,55,2,16,0,8,0,4,0,0,4,0,0
1.12.2.1.56.1,IN1.7,56,1,8,2,0,0,2,0,0,4,0,0
1.12.2.1.56.2,IN1.7,56,2,8,2,0,0,2,0,0,4,0,0
1.12.2.3.56.1,IN3.7,56,1,8,0,2,0,2,0,0,4,0,0
1.12.2.3.56.2,IN3.7,56,2,8,0,2,0,2,0,0,4,0,0
1.12.2.4.56,IN4.4,56,2,16,8,0,0,4,0,0,0,0,4
1.12.2.5.56,IN5.4,56,2,16,0,8,0,4,0,0,4,0,0
