id_escenario,riesgos,causa,evento,consecuencia,evaluacion_inicial,tratamiento,contingencia,detalle_tratamiento,fuente_control,estado
TEC-01,R-02,"Ducto, llegada, proveedor o energía comunes",Caen principal y respaldo WAN,"Custodia, zarpe y escuela pierden servicio conectado","R-02: P=3, I=5, E=15","Comprobar caminos de energía, exclusión de escrituras, respaldo y autonomías 24/12/8 horas con mezcla operacional.","Activar recuperación e incidente, proteger originales y usar respaldo operacional autorizado; impedir aceptación si no se alcanza el compromiso.","SD8 8.2 Escenarios técnicos, de datos y seguridad; 8.3 Respuesta técnica y plazos de seguridad",SD4 DA-18 y 4.2; BA 16.4; BTT RT-03.17,"Evaluación inicial heredada; controles propuestos, sin eficacia acreditada"
TEC-02,R-02;R-11,"Marea, oleaje, flexión y sombra de señal",Captura de campo no llega desde pantalán o varadero,"Entrega, despacho o maniobra quedan sin condición/evidencia comprobable","R-02: P=3, I=5, E=15; R-11: P=3, I=5, E=15","Comprobar caminos de energía, exclusión de escrituras, respaldo y autonomías 24/12/8 horas con mezcla operacional. | Recepción de equipos y montaje marino, prueba con guantes/humedad y segregación; respetar obras/compras del CLIENTE y ventanas.","Activar recuperación e incidente, proteger originales y usar respaldo operacional autorizado; impedir aceptación si no se alcanza el compromiso. | Suspender intervención, retirar componente inseguro del servicio y seleccionar alternativa verificada; no reducir protección.","SD8 8.2 Escenarios técnicos, de datos y seguridad; 8.3 Respuesta técnica y plazos de seguridad","SD4 4.2, Pantalanes y ambiente marino; Caso 6/15","Evaluación inicial heredada; controles propuestos, sin eficacia acreditada"
TEC-03,R-02,"Disco, nodo, LAN, réplica o fencing fallidos",Cae sistema local o se promueve un segundo escritor,Hechos perdidos/divergentes; WAN disponible no recupera borde,"R-02: P=3, I=5, E=15","Comprobar caminos de energía, exclusión de escrituras, respaldo y autonomías 24/12/8 horas con mezcla operacional.","Activar recuperación e incidente, proteger originales y usar respaldo operacional autorizado; impedir aceptación si no se alcanza el compromiso.","SD8 8.2 Escenarios técnicos, de datos y seguridad; 8.3 Respuesta técnica y plazos de seguridad",SD4 Célula Operacional Local; BTT RT-02.11/03.10–16,"Evaluación inicial heredada; controles propuestos, sin eficacia acreditada"
TEC-04,R-02;R-11;R-13,"Energía, bomba, calor, humedad o acceso sin control",Servicio y recinto técnico dejan de sostener la operación,Interrupción local y seguridad física sin TI del CLIENTE,"R-02: P=3, I=5, E=15; R-11: P=3, I=5, E=15; R-13: P=3, I=4, E=12","Comprobar caminos de energía, exclusión de escrituras, respaldo y autonomías 24/12/8 horas con mezcla operacional. | Recepción de equipos y montaje marino, prueba con guantes/humedad y segregación; respetar obras/compras del CLIENTE y ventanas. | Acreditar puestos y suplencia NOC/SOC/mesa bilingüe, medir colas y comprobar escalamiento 24 por 7 para emergencias.","Activar recuperación e incidente, proteger originales y usar respaldo operacional autorizado; impedir aceptación si no se alcanza el compromiso. | Suspender intervención, retirar componente inseguro del servicio y seleccionar alternativa verificada; no reducir protección. | Activar suplente y especialista, ampliar cobertura propia y corregir dimensionamiento sin recargo por incumplimiento.","SD8 8.2 Escenarios técnicos, de datos y seguridad; 8.3 Respuesta técnica y plazos de seguridad",SD4 4.2.1 y 4.3; Caso 6/RT-06.01,"Evaluación inicial heredada; controles propuestos, sin eficacia acreditada"
TEC-05,R-02;R-04;R-12;R-13,Dependencia física/humana compartida,"Falta custodia de clave, firma, conocedor del legado o acceso al recinto",Recuperación/recepción/migración bloqueadas aun con equipos redundantes,"R-02: P=3, I=5, E=15; R-04: P=4, I=5, E=20; R-12: P=3, I=5, E=15; R-13: P=3, I=4, E=12","Comprobar caminos de energía, exclusión de escrituras, respaldo y autonomías 24/12/8 horas con mezcla operacional. | Acordar referentes y suplentes por proceso, revisión continua y agenda de decisiones antes de la ventana; entregar expedientes completos. | Perfilar fuentes con referente, conservar originales y realizar dos ensayos completos por etapa con conciliación y retorno. | Acreditar puestos y suplencia NOC/SOC/mesa bilingüe, medir colas y comprobar escalamiento 24 por 7 para emergencias.","Activar recuperación e incidente, proteger originales y usar respaldo operacional autorizado; impedir aceptación si no se alcanza el compromiso. | Escalar, mantener legado y bloquear corte sin acta; aportar subsanación propia y registrar atraso sin presumir aceptación tácita. | Bloquear corte, corregir con Datos/Arquitectura y repetir evidencia invalidada sin usar aceptación tácita. | Activar suplente y especialista, ampliar cobertura propia y corregir dimensionamiento sin recargo por incumplimiento.","SD8 8.2 Escenarios técnicos, de datos y seguridad; 8.3 Respuesta técnica y plazos de seguridad",SD4 DR-4; SD5 migración; SD7 T-15,"Evaluación inicial heredada; controles propuestos, sin eficacia acreditada"
TEC-06,R-02;R-07,"Zona/región, réplica o proveedor común",Principal y recuperación pierden datos o acceso coincidentemente,RTO/RPO y flujos de negocio comprometidos,"R-02: P=3, I=5, E=15; R-07: P=3, I=4, E=12","Comprobar caminos de energía, exclusión de escrituras, respaldo y autonomías 24/12/8 horas con mezcla operacional. | Versionar contratos, IaC y exportaciones; ensayar alternativas, recifrado y límites de portabilidad; actualizar plan de reversibilidad.","Activar recuperación e incidente, proteger originales y usar respaldo operacional autorizado; impedir aceptación si no se alcanza el compromiso. | Mantener lectura del origen, adaptar servicios no portables y ejecutar transferencia autorizada con comprobación y retorno.","SD8 8.2 Escenarios técnicos, de datos y seguridad; 8.3 Respuesta técnica y plazos de seguridad",SD4 DR-4/REG-REP-4; BTT RT-07.02–04,"Evaluación inicial heredada; controles propuestos, sin eficacia acreditada"
TEC-07,R-06;R-07,"Cuota, variante o servicio regional no comprobados",La recuperación depende de servicio o expansión no disponible,No puede habilitarse la alternativa ofrecida,"R-06: P=3, I=4, E=12; R-07: P=3, I=4, E=12","Verificar variante, soporte, licencias, interfaces y sustitución antes de compra; mantener inventario y plan de actualización. | Versionar contratos, IaC y exportaciones; ensayar alternativas, recifrado y límites de portabilidad; actualizar plan de reversibilidad.","Rechazar componente, seleccionar sustitución equivalente o superior y repetir integración/recepción; coordinar adquisición del CLIENTE. | Mantener lectura del origen, adaptar servicios no portables y ejecutar transferencia autorizada con comprobación y retorno.","SD8 8.2 Escenarios técnicos, de datos y seguridad; 8.3 Respuesta técnica y plazos de seguridad",SD4 API Regional y DR-4; BTT 1.6/RT-03.01,"Evaluación inicial heredada; controles propuestos, sin eficacia acreditada"
TEC-08,R-07,Dependencias Cognito/KMS/eventos/infraestructura específicas,Exportar datos no basta para cambiar proveedor,"Reconstrucción, recifrado e identidad demoran la salida","R-07: P=3, I=4, E=12","Versionar contratos, IaC y exportaciones; ensayar alternativas, recifrado y límites de portabilidad; actualizar plan de reversibilidad.","Mantener lectura del origen, adaptar servicios no portables y ejecutar transferencia autorizada con comprobación y retorno.","SD8 8.2 Escenarios técnicos, de datos y seguridad; 8.3 Respuesta técnica y plazos de seguridad",SD4 Portabilidad y servicios administrados; BA 16.3/77,"Evaluación inicial heredada; controles propuestos, sin eficacia acreditada"
TEC-09,R-06,Término de soporte o cambio incompatible,Actualización obligatoria rompe integración o no cabe en ventana,Exposición sin soporte y pérdida de continuidad/recepción,"R-06: P=3, I=4, E=12","Verificar variante, soporte, licencias, interfaces y sustitución antes de compra; mantener inventario y plan de actualización.","Rechazar componente, seleccionar sustitución equivalente o superior y repetir integración/recepción; coordinar adquisición del CLIENTE.","SD8 8.2 Escenarios técnicos, de datos y seguridad; 8.3 Respuesta técnica y plazos de seguridad",SD4/T-11 selección de versiones; BTT 1.6,"Evaluación inicial heredada; controles propuestos, sin eficacia acreditada"
TEC-10,R-08;R-13,Mezcla conjunta superior a capacidad de API/SQL/red/avisos/personas,Un recurso satura antes de completar las transacciones,Cola y latencia incumplen condiciones de negocio,"R-08: P=3, I=4, E=12; R-13: P=3, I=4, E=12","Probar mezcla, carga/estrés, degradación y recuperación; proyectar capacidad trimestral y límites de telemetría. | Acreditar puestos y suplencia NOC/SOC/mesa bilingüe, medir colas y comprobar escalamiento 24 por 7 para emergencias.","Aplicar límites y escalamiento autorizados, dimensionar recursos y repetir pruebas antes de promover. | Activar suplente y especialista, ampliar cobertura propia y corregir dimensionamiento sin recargo por incumplimiento.","SD8 8.2 Escenarios técnicos, de datos y seguridad; 8.3 Respuesta técnica y plazos de seguridad",SD4 plan de capacidad; SD5 5.4; BTT RT-09.01–09,"Evaluación inicial heredada; controles propuestos, sin eficacia acreditada"
TEC-11,R-08;R-13,Hasta 90 zarpes junto con visitantes y clases,Se acumulan tareas al peak de fin de semana largo,"Legajo, atención y retorno dejan de ser oportunos","R-08: P=3, I=4, E=12; R-13: P=3, I=4, E=12","Probar mezcla, carga/estrés, degradación y recuperación; proyectar capacidad trimestral y límites de telemetría. | Acreditar puestos y suplencia NOC/SOC/mesa bilingüe, medir colas y comprobar escalamiento 24 por 7 para emergencias.","Aplicar límites y escalamiento autorizados, dimensionar recursos y repetir pruebas antes de promover. | Activar suplente y especialista, ampliar cobertura propia y corregir dimensionamiento sin recargo por incumplimiento.","SD8 8.2 Escenarios técnicos, de datos y seguridad; 8.3 Respuesta técnica y plazos de seguridad",Caso 14.2/Anexo B.1; SD8 escenario legajos,"Evaluación inicial heredada; controles propuestos, sin eficacia acreditada"
TEC-12,R-03;R-08,"Lectura por minuto, desconexión y analítica concurren",La ráfaga de reconexión compite con captura crítica,No se confirma evidencia en treinta minutos o se pierde cola,"R-03: P=3, I=5, E=15; R-08: P=3, I=4, E=12","Probar idempotencia, autoridad por período, conflictos y reconexión tras veinticuatro horas; conservar originales y versiones. | Probar mezcla, carga/estrés, degradación y recuperación; proyectar capacidad trimestral y límites de telemetría.","Bloquear la promoción y escrituras incompatibles, preservar el diario y corregir con conciliación; repetir evidencia invalidada. | Aplicar límites y escalamiento autorizados, dimensionar recursos y repetir pruebas antes de promover.","SD8 8.2 Escenarios técnicos, de datos y seguridad; 8.3 Respuesta técnica y plazos de seguridad",SD4 telemetría/QoS/ACK; SD5 5.4; BTT RT-05.05/09.03–09,"Evaluación inicial heredada; controles propuestos, sin eficacia acreditada"
TEC-13,R-08,Triple volumen histórico/auditoría/documentos o expansión física distinta,La capacidad inicial no sostiene conservación y carga futura,Consulta/reconexión/retención insuficientes,"R-08: P=3, I=4, E=12","Probar mezcla, carga/estrés, degradación y recuperación; proyectar capacidad trimestral y límites de telemetría.","Aplicar límites y escalamiento autorizados, dimensionar recursos y repetir pruebas antes de promover.","SD8 8.2 Escenarios técnicos, de datos y seguridad; 8.3 Respuesta técnica y plazos de seguridad",BTT RT-09.03; Caso 13.2/RT-02.12; SD4/SD5 capacidad,"Evaluación inicial heredada; controles propuestos, sin eficacia acreditada"
TEC-14,R-03;R-12,"Tercero caído/lento, formato o límite modificado","Pago, factura, firma, aviso, residuo o autoridad devuelve resultado incierto","Duplicación, estado falso o decisión externa no acreditada","R-03: P=3, I=5, E=15; R-12: P=3, I=5, E=15","Probar idempotencia, autoridad por período, conflictos y reconexión tras veinticuatro horas; conservar originales y versiones. | Perfilar fuentes con referente, conservar originales y realizar dos ensayos completos por etapa con conciliación y retorno.","Bloquear la promoción y escrituras incompatibles, preservar el diario y corregir con conciliación; repetir evidencia invalidada. | Bloquear corte, corregir con Datos/Arquitectura y repetir evidencia invalidada sin usar aceptación tácita.","SD8 8.2 Escenarios técnicos, de datos y seguridad; 8.3 Respuesta técnica y plazos de seguridad",SD4 A4.2 y SD5 integración; BTT RT-05.17/20–23/10.08,"Evaluación inicial heredada; controles propuestos, sin eficacia acreditada"
TEC-15,R-03;R-10,Baja capacidad y entrega tardía/desordenada/repetida/ausente,Un mensaje de navegación se toma por regreso actual,Cierre falso o exposición de posición no autorizada,"R-03: P=3, I=5, E=15; R-10: P=3, I=5, E=15","Probar idempotencia, autoridad por período, conflictos y reconexión tras veinticuatro horas; conservar originales y versiones. | Minimización, cifrado de campo, permisos por finalidad y segregación; verificar rechazo, auditoría y datos de prueba protegidos.","Bloquear la promoción y escrituras incompatibles, preservar el diario y corregir con conciliación; repetir evidencia invalidada. | Contener acceso, preservar evidencia, activar incidente y notificaciones aplicables y corregir antes de rehabilitar.","SD8 8.2 Escenarios técnicos, de datos y seguridad; 8.3 Respuesta técnica y plazos de seguridad",Caso 14.2/17.4 puntos 6–7; SD4/SD5 navegación,"Evaluación inicial heredada; controles propuestos, sin eficacia acreditada"
TEC-16,R-03;R-12,Autoridad de nube/borde o clave idempotente insuficiente,"Se duplica cobro/despacho, sobrescribe asistencia o cierra deuda errónea",Pérdida de integridad y efectos sobre custodia/saldos,"R-03: P=3, I=5, E=15; R-12: P=3, I=5, E=15","Probar idempotencia, autoridad por período, conflictos y reconexión tras veinticuatro horas; conservar originales y versiones. | Perfilar fuentes con referente, conservar originales y realizar dos ensayos completos por etapa con conciliación y retorno.","Bloquear la promoción y escrituras incompatibles, preservar el diario y corregir con conciliación; repetir evidencia invalidada. | Bloquear corte, corregir con Datos/Arquitectura y repetir evidencia invalidada sin usar aceptación tácita.","SD8 8.2 Escenarios técnicos, de datos y seguridad; 8.3 Respuesta técnica y plazos de seguridad",SD4 autoridad; SD5 inbox/efecto/outbox/AUD-5; BTT RT-03.11–13,"Evaluación inicial heredada; controles propuestos, sin eficacia acreditada"
TEC-17,R-12,Extracción incompleta/duplicada y cambios del sistema de 2014,"Identidad, propiedad o saldo migrado no corresponde al original",Corte o retorno sin conciliación pierde hechos,"R-12: P=3, I=5, E=15","Perfilar fuentes con referente, conservar originales y realizar dos ensayos completos por etapa con conciliación y retorno.","Bloquear corte, corregir con Datos/Arquitectura y repetir evidencia invalidada sin usar aceptación tácita.","SD8 8.2 Escenarios técnicos, de datos y seguridad; 8.3 Respuesta técnica y plazos de seguridad",SD5 5.3; Caso 5/RT-05.15,"Evaluación inicial heredada; controles propuestos, sin eficacia acreditada"
TEC-18,R-10,Permiso/finalidad/vínculo insuficiente,"Se consultan salud, menores, deuda, contactos o posición indebidamente",Divulgación de datos restringidos y actuación no autorizada,"R-10: P=3, I=5, E=15","Minimización, cifrado de campo, permisos por finalidad y segregación; verificar rechazo, auditoría y datos de prueba protegidos.","Contener acceso, preservar evidencia, activar incidente y notificaciones aplicables y corregir antes de rehabilitar.","SD8 8.2 Escenarios técnicos, de datos y seguridad; 8.3 Respuesta técnica y plazos de seguridad",SD4 SEC-1.0; SD5 5.2.5; BA 85; Caso RT-11.10/16.09,"Evaluación inicial heredada; controles propuestos, sin eficacia acreditada"
TEC-19,R-10;R-13,"Cambio de rol/baja estacional, cuenta compartida o tercero",Visibilidad o privilegio no se revoca durante aislamiento,Acceso indebido a tarea y expediente sensible,"R-10: P=3, I=5, E=15; R-13: P=3, I=4, E=12","Minimización, cifrado de campo, permisos por finalidad y segregación; verificar rechazo, auditoría y datos de prueba protegidos. | Acreditar puestos y suplencia NOC/SOC/mesa bilingüe, medir colas y comprobar escalamiento 24 por 7 para emergencias.","Contener acceso, preservar evidencia, activar incidente y notificaciones aplicables y corregir antes de rehabilitar. | Activar suplente y especialista, ampliar cobertura propia y corregir dimensionamiento sin recargo por incumplimiento.","SD8 8.2 Escenarios técnicos, de datos y seguridad; 8.3 Respuesta técnica y plazos de seguridad",SD4 Autoridad local/RLH y SEC-1.0; BTT cap.12; Caso decisiones 8/22,"Evaluación inicial heredada; controles propuestos, sin eficacia acreditada"
TEC-20,R-10,"Consentimiento ausente, revocado o no comprobable",La posición voluntaria sigue habilitada,Seguimiento y divulgación no autorizados,"R-10: P=3, I=5, E=15","Minimización, cifrado de campo, permisos por finalidad y segregación; verificar rechazo, auditoría y datos de prueba protegidos.","Contener acceso, preservar evidencia, activar incidente y notificaciones aplicables y corregir antes de rehabilitar.","SD8 8.2 Escenarios técnicos, de datos y seguridad; 8.3 Respuesta técnica y plazos de seguridad",SD5 5.2.5; Caso restricción 2/16.1/17.6,"Evaluación inicial heredada; controles propuestos, sin eficacia acreditada"
TEC-21,R-03;R-10;R-12,Alteración o pérdida de original/versión/autoría,"Aviso, acuse, autorización, plan, acta o expediente no es reconstruible","No se acredita entrega, deuda, izaje, ambiente o custodia de 14 abandonadas","R-03: P=3, I=5, E=15; R-10: P=3, I=5, E=15; R-12: P=3, I=5, E=15","Probar idempotencia, autoridad por período, conflictos y reconexión tras veinticuatro horas; conservar originales y versiones. | Minimización, cifrado de campo, permisos por finalidad y segregación; verificar rechazo, auditoría y datos de prueba protegidos. | Perfilar fuentes con referente, conservar originales y realizar dos ensayos completos por etapa con conciliación y retorno.","Bloquear la promoción y escrituras incompatibles, preservar el diario y corregir con conciliación; repetir evidencia invalidada. | Contener acceso, preservar evidencia, activar incidente y notificaciones aplicables y corregir antes de rehabilitar. | Bloquear corte, corregir con Datos/Arquitectura y repetir evidencia invalidada sin usar aceptación tácita.","SD8 8.2 Escenarios técnicos, de datos y seguridad; 8.3 Respuesta técnica y plazos de seguridad",SD5 AUD-5; Caso 12/15/18; BTT RT-05.03,"Evaluación inicial heredada; controles propuestos, sin eficacia acreditada"
TEC-22,R-03;R-10,Regla de vencimiento o bloqueo mal aplicada,Se borra prueba exigible o reaparece dato eliminado al restaurar,Retención o eliminación de nube/borde/copia incumplida,"R-03: P=3, I=5, E=15; R-10: P=3, I=5, E=15","Probar idempotencia, autoridad por período, conflictos y reconexión tras veinticuatro horas; conservar originales y versiones. | Minimización, cifrado de campo, permisos por finalidad y segregación; verificar rechazo, auditoría y datos de prueba protegidos.","Bloquear la promoción y escrituras incompatibles, preservar el diario y corregir con conciliación; repetir evidencia invalidada. | Contener acceso, preservar evidencia, activar incidente y notificaciones aplicables y corregir antes de rehabilitar.","SD8 8.2 Escenarios técnicos, de datos y seguridad; 8.3 Respuesta técnica y plazos de seguridad",SD5 5.2.5/AUD-5; BTT RT-05.07,"Evaluación inicial heredada; controles propuestos, sin eficacia acreditada"
TEC-23,R-02;R-10,Clave perdida/certificado vencido/custodio ausente,No se puede descifrar copia o autenticar respuesta de contingencia,Restauración y acceso de emergencia bloqueados,"R-02: P=3, I=5, E=15; R-10: P=3, I=5, E=15","Comprobar caminos de energía, exclusión de escrituras, respaldo y autonomías 24/12/8 horas con mezcla operacional. | Minimización, cifrado de campo, permisos por finalidad y segregación; verificar rechazo, auditoría y datos de prueba protegidos.","Activar recuperación e incidente, proteger originales y usar respaldo operacional autorizado; impedir aceptación si no se alcanza el compromiso. | Contener acceso, preservar evidencia, activar incidente y notificaciones aplicables y corregir antes de rehabilitar.","SD8 8.2 Escenarios técnicos, de datos y seguridad; 8.3 Respuesta técnica y plazos de seguridad",SD4 SEC-ROT-1.0/GLS-1.0; SD5 respaldo; BA 21; BTT RT-07.10/11.08–09,"Evaluación inicial heredada; controles propuestos, sin eficacia acreditada"
TEC-24,R-07;R-10;R-IN3-03,"Subencargado, residencia o permiso no comprobados",Se transfieren documentos/datos sin resguardo autorizado,Tratamiento y confidencialidad incumplidos,"R-07: P=3, I=4, E=12; R-10: P=3, I=5, E=15; R-IN3-03: P=3, I=5, E=15","Versionar contratos, IaC y exportaciones; ensayar alternativas, recifrado y límites de portabilidad; actualizar plan de reversibilidad. | Minimización, cifrado de campo, permisos por finalidad y segregación; verificar rechazo, auditoría y datos de prueba protegidos. | Comprobar ubicación, retención, permisos y condiciones de procesamiento antes de enviar; conservar trazabilidad y acceso mínimo.","Mantener lectura del origen, adaptar servicios no portables y ejecutar transferencia autorizada con comprobación y retorno. | Contener acceso, preservar evidencia, activar incidente y notificaciones aplicables y corregir antes de rehabilitar. | Bloquear envío, activar respuesta de incidente y utilizar ingreso manual; rehabilitar sólo con condiciones y controles conformes.","SD8 8.2 Escenarios técnicos, de datos y seguridad; 8.3 Respuesta técnica y plazos de seguridad",SD4 DR-4/IN3; SD5 5.2.5; BA 23/85,"Evaluación inicial heredada; controles propuestos, sin eficacia acreditada"
TEC-25,R-09;R-10;R-02,"Credencial o dispositivo comprometido, ransomware/abuso/DDoS","Ataque altera escuela, aviso, despacho o acceso a datos","Daño, divulgación e indisponibilidad de negocio","R-09: P=3, I=5, E=15; R-10: P=3, I=5, E=15; R-02: P=3, I=5, E=15","Ramas protegidas, SAST/SCA/DAST, análisis de imágenes, SBOM y aislamiento de firma SLSA L3; intrusión independiente. | Minimización, cifrado de campo, permisos por finalidad y segregación; verificar rechazo, auditoría y datos de prueba protegidos. | Comprobar caminos de energía, exclusión de escrituras, respaldo y autonomías 24/12/8 horas con mezcla operacional.","Bloquear promoción, revocar/rotar credenciales, aislar artefacto y corregir; respetar máximos de siete/quince/treinta días. | Contener acceso, preservar evidencia, activar incidente y notificaciones aplicables y corregir antes de rehabilitar. | Activar recuperación e incidente, proteger originales y usar respaldo operacional autorizado; impedir aceptación si no se alcanza el compromiso.","SD8 8.2 Escenarios técnicos, de datos y seguridad; 8.3 Respuesta técnica y plazos de seguridad",SD4 SEC-1.0/A4.1/IR-1.0; BA 21.1; BTT RT-11.02,"Evaluación inicial heredada; controles propuestos, sin eficacia acreditada"
TEC-26,R-09;R-10,Segmentación/ACL insuficiente desde invitados o cámaras,Intrusión alcanza la red operacional,Manipulación de captura o evidencia y fuga,"R-09: P=3, I=5, E=15; R-10: P=3, I=5, E=15","Ramas protegidas, SAST/SCA/DAST, análisis de imágenes, SBOM y aislamiento de firma SLSA L3; intrusión independiente. | Minimización, cifrado de campo, permisos por finalidad y segregación; verificar rechazo, auditoría y datos de prueba protegidos.","Bloquear promoción, revocar/rotar credenciales, aislar artefacto y corregir; respetar máximos de siete/quince/treinta días. | Contener acceso, preservar evidencia, activar incidente y notificaciones aplicables y corregir antes de rehabilitar.","SD8 8.2 Escenarios técnicos, de datos y seguridad; 8.3 Respuesta técnica y plazos de seguridad",SD4 seis segmentos/VLAN/ACL; Caso 6; BTT RT-03.04/23,"Evaluación inicial heredada; controles propuestos, sin eficacia acreditada"
TEC-27,R-09,Dependencia vulnerable o artefacto alterado,Se promueve código sin procedencia/corrección verificadas,Compromiso de producción y datos,"R-09: P=3, I=5, E=15","Ramas protegidas, SAST/SCA/DAST, análisis de imágenes, SBOM y aislamiento de firma SLSA L3; intrusión independiente.","Bloquear promoción, revocar/rotar credenciales, aislar artefacto y corregir; respetar máximos de siete/quince/treinta días.","SD8 8.2 Escenarios técnicos, de datos y seguridad; 8.3 Respuesta técnica y plazos de seguridad",SD4 SEC-1.0; SD6 PRUEBAS-6/DEP-6; BA 21.4; BTT RT-11.22–27,"Evaluación inicial heredada; controles propuestos, sin eficacia acreditada"
TEC-28,R-09;R-10,Datos reales o privilegios productivos en desarrollo/pruebas,Se exponen datos o se opera producción fuera del circuito autorizado,Divulgación y mutación no auditable,"R-09: P=3, I=5, E=15; R-10: P=3, I=5, E=15","Ramas protegidas, SAST/SCA/DAST, análisis de imágenes, SBOM y aislamiento de firma SLSA L3; intrusión independiente. | Minimización, cifrado de campo, permisos por finalidad y segregación; verificar rechazo, auditoría y datos de prueba protegidos.","Bloquear promoción, revocar/rotar credenciales, aislar artefacto y corregir; respetar máximos de siete/quince/treinta días. | Contener acceso, preservar evidencia, activar incidente y notificaciones aplicables y corregir antes de rehabilitar.","SD8 8.2 Escenarios técnicos, de datos y seguridad; 8.3 Respuesta técnica y plazos de seguridad",SD4 Entrega segura y ambientes; BTT RT-11.25/27,"Evaluación inicial heredada; controles propuestos, sin eficacia acreditada"
TEC-29,R-09,Hallazgo sin propietario/recurso o aplazado por congelamiento,No se remedia dentro de 7/15/30 días corridos,Persistencia de vulnerabilidad y compromiso posterior,"R-09: P=3, I=5, E=15","Ramas protegidas, SAST/SCA/DAST, análisis de imágenes, SBOM y aislamiento de firma SLSA L3; intrusión independiente.","Bloquear promoción, revocar/rotar credenciales, aislar artefacto y corregir; respetar máximos de siete/quince/treinta días.","SD8 8.2 Escenarios técnicos, de datos y seguridad; 8.3 Respuesta técnica y plazos de seguridad",SD4 SEC-1.0 y SD8 respuesta; BA 21.1; BTT RT-11.04,"Evaluación inicial heredada; controles propuestos, sin eficacia acreditada"
TEC-30,R-09;R-10;R-13,Canal/analista sin respuesta o espera de investigación,No se emite aviso crítico/brecha/causa raíz en plazo,CLIENTE sin coordinación y obligación de comunicación incumplida,"R-09: P=3, I=5, E=15; R-10: P=3, I=5, E=15; R-13: P=3, I=4, E=12","Ramas protegidas, SAST/SCA/DAST, análisis de imágenes, SBOM y aislamiento de firma SLSA L3; intrusión independiente. | Minimización, cifrado de campo, permisos por finalidad y segregación; verificar rechazo, auditoría y datos de prueba protegidos. | Acreditar puestos y suplencia NOC/SOC/mesa bilingüe, medir colas y comprobar escalamiento 24 por 7 para emergencias.","Bloquear promoción, revocar/rotar credenciales, aislar artefacto y corregir; respetar máximos de siete/quince/treinta días. | Contener acceso, preservar evidencia, activar incidente y notificaciones aplicables y corregir antes de rehabilitar. | Activar suplente y especialista, ampliar cobertura propia y corregir dimensionamiento sin recargo por incumplimiento.","SD8 8.2 Escenarios técnicos, de datos y seguridad; 8.3 Respuesta técnica y plazos de seguridad",SD4 IR-1.0; SD8 respuesta; BA 21.3; BTT RT-11.18/19,"Evaluación inicial heredada; controles propuestos, sin eficacia acreditada"
TEC-31,R-09;R-13,"Colector/reloj/enlace caído, logs alterados o SOC sin relevo","Amenaza no se detecta, prueba o atiende oportunamente",Incidente prolongado sin evidencia de alcance,"R-09: P=3, I=5, E=15; R-13: P=3, I=4, E=12","Ramas protegidas, SAST/SCA/DAST, análisis de imágenes, SBOM y aislamiento de firma SLSA L3; intrusión independiente. | Acreditar puestos y suplencia NOC/SOC/mesa bilingüe, medir colas y comprobar escalamiento 24 por 7 para emergencias.","Bloquear promoción, revocar/rotar credenciales, aislar artefacto y corregir; respetar máximos de siete/quince/treinta días. | Activar suplente y especialista, ampliar cobertura propia y corregir dimensionamiento sin recargo por incumplimiento.","SD8 8.2 Escenarios técnicos, de datos y seguridad; 8.3 Respuesta técnica y plazos de seguridad",SD4 Observabilidad y SOC; SD5 AUD-5; BTT RT-03.16/11.14–17,"Evaluación inicial heredada; controles propuestos, sin eficacia acreditada"
TEC-32,R-IN3-01;R-IN3-02,Formato/calidad/documento no representativos,OCR/extracción produce error sistemático o propuesta sin fuente,"Vigencia, monto o embarcación incorporados incorrectamente","R-IN3-01: P=4, I=4, E=16; R-IN3-02: P=3, I=4, E=12","Líder de Datos aplica reglas, fragmentos de origen y evaluación por formato; conservar original y propuesta separada del dato aprobado. | Capacitar revisores con casos erróneos; exigir confirmación de campos y comprobar registros aprobados por QA.","Suspender extracción del formato afectado y usar ingreso manual revisado; corregir y repetir pruebas antes de rehabilitar. | Pausar flujo afectado, revisar registros potencialmente comprometidos y reforzar revisión antes de reanudar; mantener ingreso manual.","SD8 8.2 Escenarios técnicos, de datos y seguridad; 8.3 Respuesta técnica y plazos de seguridad",SD1 gobierno IA; SD4 Textract; SD13 IN3-C01/02/04; BTT RT-18.04,"Evaluación inicial heredada; controles propuestos, sin eficacia acreditada"
TEC-33,R-IN3-03;R-IN3-05,Permisos/tratamiento/finalidad o interés en ahorro indebidos,Se filtra original o se utiliza salida fuera del propósito autorizado,Divulgación y beneficio aparente sin revisión adecuada,"R-IN3-03: P=3, I=5, E=15; R-IN3-05: P=3, I=3, E=9","Comprobar ubicación, retención, permisos y condiciones de procesamiento antes de enviar; conservar trazabilidad y acceso mínimo. | Medir manual/asistido con revisión incluida, por formato; registrar esfuerzo y contrastar costos incrementales exclusivamente en OE.","Bloquear envío, activar respuesta de incidente y utilizar ingreso manual; rehabilitar sólo con condiciones y controles conformes. | Declarar beneficio no demostrado y mantener ingreso manual; ajustar o deshabilitar extensión sin ampliar alcance automáticamente.","SD8 8.2 Escenarios técnicos, de datos y seguridad; 8.3 Respuesta técnica y plazos de seguridad",SD13 IN3-C03; SD8 IA/STRIDE; BA 86; BTT RT-18.01–05/26.07,"Evaluación inicial heredada; controles propuestos, sin eficacia acreditada"
TEC-34,R-IN3-04;R-IN3-02,Extractor/red no disponible o respuesta tardía,La sugerencia sobrescribe ingreso manual o impide proceso base,Pérdida de dato confirmado y continuidad,"R-IN3-04: P=3, I=3, E=9; R-IN3-02: P=3, I=4, E=12","Supervisar fallos y ensayar alternativa manual, reintentos e idempotencia; separar pendientes de antecedentes aprobados. | Capacitar revisores con casos erróneos; exigir confirmación de campos y comprobar registros aprobados por QA.","Ingresar manualmente con original y fuente; al recuperar, conciliar resultados pendientes sin duplicar ni sobrescribir aprobados. | Pausar flujo afectado, revisar registros potencialmente comprometidos y reforzar revisión antes de reanudar; mantener ingreso manual.","SD8 8.2 Escenarios técnicos, de datos y seguridad; 8.3 Respuesta técnica y plazos de seguridad",SD13 IN3-C05; SD4 IA documental; BTT RT-18.06–09,"Evaluación inicial heredada; controles propuestos, sin eficacia acreditada"
