id,riesgo_padre,evento,causa,consecuencia,p,i,po,io,responsable,disparador,mitigacion,contingencia,hito,evidencia,paquetes,e,eo,estado,reserva
R-IN1-01,R-14,Actualización insuficiente por contratistas,Se conserva la coordinación telefónica sin ingresar sus cambios.,El historial queda incompleto y el armador recibe un estado obsoleto.,4,4,3,3,José Lara Arce (Implantación),Cambio comunicado sin registro durante más de un día hábil.,Formar contratistas y marina; comprobar tareas y recordatorios con fuente de cada cambio.,"Activar registro asistido de la marina, conservando autor, fuente e instante del hecho; conciliar con el contratista.",Formación al término del mes 18; control diario del piloto 19 y seguimiento 21–56.,"Comunicaciones, cambios pendientes, registro asistido y comprobación de concordancia.",IN1.1.1; IN1.3.3; IN1.5.1,16,9,Identificado; tratamiento comprometido; residual objetivo no verificado,"Acciones en paquete vinculado y T-15; sin HH libres ni reserva económica adicional; costo y refuerzo se concilian en OE con autorización. Para R-IN2-03 rige R-01, con consumo único por campaña."
R-IN1-02,R-15,Participación insuficiente de armadores,Adhesión voluntaria y pocas solicitudes elegibles.,No se forma una comparación evaluable del beneficio.,3,3,2,3,José Lara Arce (Implantación),Menos de quince solicitudes elegibles al terminar la primera quincena del piloto o menos de treinta al cierre.,Orientar e ingresar solicitudes de forma asistida sin crear demanda artificial; conservar excluidas y no respondidas.,Reforzar convocatoria; declarar beneficio no demostrado si falta muestra; cualquier extensión seguirá CC-6 y ventana autorizada.,Primera quincena y cierre del piloto del mes 19.,"Listado completo, elegibilidad, motivos de exclusión y acta de resultado, incluidos resultados nulos.",IN1.5.1; IN1.5.4; IN1.5.6,9,6,Identificado; tratamiento comprometido; residual objetivo no verificado,"Acciones en paquete vinculado y T-15; sin HH libres ni reserva económica adicional; costo y refuerzo se concilian en OE con autorización. Para R-IN2-03 rige R-01, con consumo único por campaña."
R-IN1-03,R-03,Integración incompatible de solicitudes y órdenes,"Contratos, identidades o versiones difieren entre IN1, CTR y VAR.","Solicitud no vinculada, orden duplicada o transición incoherente.",3,4,2,4,Fernando Guerrero (Arquitectura),Interfaz crítica no supera pruebas al cierre del mes 16; duplicado o rechazo de versión no controlado.,"Probar contratos, idempotencia, concurrencia, habilitación y recuperación de avisos; validar vínculo con orden autorizada.","Bloquear flujo adicional afectado; conservar solución base y diario, corregir y repetir pruebas; gestionar ajuste de piloto mediante CC-6.",Aceptación técnica en mes 16; comprobación previa a piloto 19 y materialización 21.,"Versiones de contrato, casos negativos, historial y conciliación sin órdenes duplicadas.",IN1.1.2; IN1.3.1–3; IN1.4.1,12,8,Identificado; tratamiento comprometido; residual objetivo no verificado,"Acciones en paquete vinculado y T-15; sin HH libres ni reserva económica adicional; costo y refuerzo se concilian en OE con autorización. Para R-IN2-03 rige R-01, con consumo único por campaña."
R-IN1-04,R-10,Acceso a solicitudes de otra embarcación,Autorización insuficiente de armador o contratista asignado.,Divulgación o modificación ajena a la finalidad autorizada.,2,5,1,5,Bruno Toro (Seguridad),Cualquier acceso indebido confirmado o prueba negativa fallida.,Validar vínculo vigente y ámbito en servidor; ensayar separación entre armadores y contratistas con auditoría.,"Suspender función afectada, conservar evidencia y activar incidente; revisar alcance, corregir y repetir pruebas antes de reactivar.",Antes del piloto y de cada liberación; contención inmediata.,"Matriz de roles, pruebas positivas/negativas, auditoría e informe de reexamen.",IN1.3.2; IN1.4.2,10,5,Identificado; tratamiento comprometido; residual objetivo no verificado,"Acciones en paquete vinculado y T-15; sin HH libres ni reserva económica adicional; costo y refuerzo se concilian en OE con autorización. Para R-IN2-03 rige R-01, con consumo único por campaña."
R-IN2-01,R-15,Cohorte de invernada insuficiente,Adhesión voluntaria o convocatoria sin grupo estable.,No se demuestra coordinación preventiva ni beneficio estacional.,3,4,2,4,José Lara Arce (Implantación),Al cierre de inscripción del mes 30 no se reúnen las veinte embarcaciones planificadas con plan y consentimiento.,Convocar y formar armadores; confirmar planes y disponibilidad sin imponer contratista ni trabajos.,Proponer convocatoria adicional o alcance evaluable mediante CC-6; documentar limitación y no declarar alcanzada la evaluación de veinte barcos.,"Inscripción y planes en mes 30, antes de invernada del 31.","Cohorte, consentimientos, planes, bajas y acta de decisión sobre evaluación.",IN2.1.2; IN2.5.1,12,8,Identificado; tratamiento comprometido; residual objetivo no verificado,"Acciones en paquete vinculado y T-15; sin HH libres ni reserva económica adicional; costo y refuerzo se concilian en OE con autorización. Para R-IN2-03 rige R-01, con consumo único por campaña."
R-IN2-02,R-15,Atraso del contratista respecto de botadura,Trabajo o disponibilidad no confirmado antes de la ventana.,Se llega a botadura con mantenimiento pendiente.,4,4,3,3,José Lara Arce (Implantación),Revisión a tres semanas de cada botadura detecta trabajo pendiente sin fecha viable.,Coordinar líder funcional y administración de varadero; confirmar disponibilidad y los cinco lotes de cuatro embarcaciones.,"Proponer reprogramación o sustitución del contratista con aceptación del armador; preservar habilitación y seguridad, sin prometer trabajos ajenos ejecutados.",Cinco revisiones al menos tres semanas antes de botaduras septiembre–noviembre de 2029.,"Confirmaciones, avance, acuerdos del armador y calendario de pendientes por barco.",IN2.3.1; IN2.5.2; IN2.5.3,16,9,Identificado; tratamiento comprometido; residual objetivo no verificado,"Acciones en paquete vinculado y T-15; sin HH libres ni reserva económica adicional; costo y refuerzo se concilian en OE con autorización. Para R-IN2-03 rige R-01, con consumo único por campaña."
R-IN2-03,R-01,Suspensión meteorológica durante invernada,Aviso marítimo o condición insegura coincidente con trabajos programados.,Suspensión obligatoria y pérdida de ventana; exposición de personas si se continúa.,4,5,4,3,Ignacio Silva (Proyecto),Aviso oficial de marejadas o condición insegura; reserva disponible insuficiente para reprogramar.,Integrar ventana y aviso con R-01; comprobar reserva por campaña y red de todos los frentes antes de seleccionar trabajo.,"Suspender todo trabajo programado; consumir reserva una sola vez; decidir refuerzo y pendientes tras cese y autorización, sin extender piloto automáticamente.",Control previo a cada campaña y revisión inmediata al aviso en meses 31–36.,"Aviso, bloqueo, saldo de reserva, agenda revisada y autorización de reanudación.",IN2.5.2; IN2.5.3; PL-R01,20,12,Identificado; tratamiento comprometido; residual objetivo no verificado,"Acciones en paquete vinculado y T-15; sin HH libres ni reserva económica adicional; costo y refuerzo se concilian en OE con autorización. Para R-IN2-03 rige R-01, con consumo único por campaña."
R-IN2-04,R-03,IN1 o interfaces no disponibles para IN2,La coordinación preventiva depende de un servicio o contrato aún no recibido.,"No se enlazan planes, solicitudes o avance de la invernada.",3,4,2,4,Fernando Guerrero (Arquitectura),Prueba IN2/IN1 fallida o dependencia no recibida antes de iniciar invernada.,"Verificar contrato, estados y disponibilidad de IN1 antes de habilitar el plan preventivo.",Mantener coordinación controlada por marina y solución base; conciliar referencias; bloquear extensión no verificada hasta repetir prueba.,Antes del piloto estacional del mes 31 y ante cambios de IN1.,"Contrato recibido, prueba de enlace y conciliación del registro alternativo.",IN2.3.2; IN2.4.1,12,8,Identificado; tratamiento comprometido; residual objetivo no verificado,"Acciones en paquete vinculado y T-15; sin HH libres ni reserva económica adicional; costo y refuerzo se concilian en OE con autorización. Para R-IN2-03 rige R-01, con consumo único por campaña."
R-IN3-01,R-03,Campos OCR incorrectos por formato o calidad,Documento ilegible o formato cambiado; extractor propone valores erróneos.,"Póliza queda asociada con vigencia, monto o embarcación incorrectos.",4,4,3,3,Fernando Guerrero (Arquitectura; coordinación con Líder de Datos),Error crítico de campo o recurrencia por formato en prueba o piloto.,"Líder de Datos aplica reglas, fragmentos de origen y evaluación por formato; conservar original y propuesta separada del dato aprobado.",Suspender extracción del formato afectado y usar ingreso manual revisado; corregir y repetir pruebas antes de rehabilitar.,Pruebas del mes 16; evaluación intercalada manual/asistida en meses 18–19 y cada cambio de formato.,"Original, propuesta, corrección, validación de campos y métricas desagregadas por formato.",IN3.2.2; IN3.4.1,16,9,Identificado; tratamiento comprometido; residual objetivo no verificado,"Acciones en paquete vinculado y T-15; sin HH libres ni reserva económica adicional; costo y refuerzo se concilian en OE con autorización. Para R-IN2-03 rige R-01, con consumo único por campaña."
R-IN3-02,R-14,Revisión humana insuficiente de extracción,"Sesgo de automatización, formación incompleta o revisión apresurada.",Se aprueban datos incorrectos y se toman decisiones con antecedentes defectuosos.,3,4,2,4,José Lara Arce (Implantación; con verificación de Calidad),Un error crítico supera la revisión humana o revisor no acredita competencia de tarea.,Capacitar revisores con casos erróneos; exigir confirmación de campos y comprobar registros aprobados por QA.,"Pausar flujo afectado, revisar registros potencialmente comprometidos y reforzar revisión antes de reanudar; mantener ingreso manual.",Antes de habilitar revisores y durante piloto 18–19 y operación 21–56.,"Ejercicio individual, revisión de campos, errores aprobados y reexamen de registros afectados.",IN3.5.1; IN3.5.3,12,8,Identificado; tratamiento comprometido; residual objetivo no verificado,"Acciones en paquete vinculado y T-15; sin HH libres ni reserva económica adicional; costo y refuerzo se concilian en OE con autorización. Para R-IN2-03 rige R-01, con consumo único por campaña."
R-IN3-03,R-10,Tratamiento documental no autorizado,"Proveedor, ubicación, retención o permiso difieren de condiciones aprobadas.",Exposición de pólizas o tratamiento fuera de finalidad autorizada.,3,5,2,5,Bruno Toro (Seguridad),"Condición de proveedor incompatible, permiso fallido o incidente documental.","Comprobar ubicación, retención, permisos y condiciones de procesamiento antes de enviar; conservar trazabilidad y acceso mínimo.","Bloquear envío, activar respuesta de incidente y utilizar ingreso manual; rehabilitar sólo con condiciones y controles conformes.",Antes de contratar/habilitar procesamiento y ante cambios del proveedor o liberación.,"Condiciones aprobadas, configuración, accesos positivos/negativos y evidencia de retención/borrado aplicable.",IN3.1.2; IN3.4.2,15,10,Identificado; tratamiento comprometido; residual objetivo no verificado,"Acciones en paquete vinculado y T-15; sin HH libres ni reserva económica adicional; costo y refuerzo se concilian en OE con autorización. Para R-IN2-03 rige R-01, con consumo único por campaña."
R-IN3-04,R-02,Extractor o conectividad interrumpidos,Dependencia remota no disponible durante ingreso.,Se acumulan pólizas pendientes o se duplica ingreso al recuperar.,3,3,2,3,José Lara Arce (Operación/SRE),"Fallo del extractor, agotamiento de reintentos o enlace indisponible.","Supervisar fallos y ensayar alternativa manual, reintentos e idempotencia; separar pendientes de antecedentes aprobados.","Ingresar manualmente con original y fuente; al recuperar, conciliar resultados pendientes sin duplicar ni sobrescribir aprobados.",Prueba previa a piloto y operación; actuación al fallo.,"Registro de fallo, cola pendiente, ingreso manual y conciliación tras recuperación.",IN3.3.3; IN3.4.1,9,6,Identificado; tratamiento comprometido; residual objetivo no verificado,"Acciones en paquete vinculado y T-15; sin HH libres ni reserva económica adicional; costo y refuerzo se concilian en OE con autorización. Para R-IN2-03 rige R-01, con consumo único por campaña."
R-IN3-05,R-15,Beneficio de extracción insuficiente,Volumen bajo o revisión consume el ahorro de captura.,Costos incrementales superan el beneficio justificable.,3,3,2,3,Ignacio Silva (Proyecto),Muestra de 120 pólizas distintas incompleta o tiempo/volumen observado no sustenta beneficio neto.,"Medir manual/asistido con revisión incluida, por formato; registrar esfuerzo y contrastar costos incrementales exclusivamente en OE.",Declarar beneficio no demostrado y mantener ingreso manual; ajustar o deshabilitar extensión sin ampliar alcance automáticamente.,Cierre del piloto 18–19 y revisión previa a materialización 21.,"Muestra y tiempos con revisión, resultados adversos y referencia a evaluación económica autorizada.",IN3.1.1; IN3.5.3,9,6,Identificado; tratamiento comprometido; residual objetivo no verificado,"Acciones en paquete vinculado y T-15; sin HH libres ni reserva económica adicional; costo y refuerzo se concilian en OE con autorización. Para R-IN2-03 rige R-01, con consumo único por campaña."
R-IN4-01,R-15,Atribución inválida o pago por comparación no equivalente,"Mezcla, dotación o mejoras ajenas cambian respecto de la base; medición no aprobada.",Reconocimiento variable indebido o desacuerdo contractual.,3,5,2,5,Ignacio Silva (Proyecto),"Base cero, menos de treinta solicitudes por condición, datos no comparables o discrepancia de cálculo/atribución.","Fijar ficha y composición antes de medir; conservar intervalos activos, fuentes, exclusiones y cálculo; separar preparación Synaptix de verificación cliente.",Asignar factor cero hasta disponer de evidencia aceptada; corregir prospectivamente y repetir evaluación autorizada; mantener servicio fijo y SLA.,Ficha antes de base del mes 18; evaluación 19; conciliación mensual 21–56.,"Ficha aprobada, tiempos por persona, cálculos versionados, conciliación y decisión del cliente; valorización sólo OE.",IN4.1; IN4.3; IN4.4,15,10,Identificado; tratamiento comprometido; residual objetivo no verificado,"Acciones en paquete vinculado y T-15; sin HH libres ni reserva económica adicional; costo y refuerzo se concilian en OE con autorización. Para R-IN2-03 rige R-01, con consumo único por campaña."
R-IN4-02,R-15,Omisión de casos difíciles o cierre apresurado por incentivo,Selección de tareas fáciles o presión para aparentar menor esfuerzo.,"Se ocultan errores/abiertas, empeora el servicio y se reclama incentivo sin resultado válido.",3,5,2,5,Ignacio Silva (Proyecto; con verificación de Calidad),"Solicitud elegible ausente sin motivo, cierre no sustentado, aumento de errores/reaperturas o caída de proporción de cierre.","Calidad contrasta universo elegible con AUT/VAR/CTR, incluidas abiertas y excluidas; fija complejidad y plazo antes de resultados; compara calidad por condición.","Suspender reconocimiento y aplicar factor cero; revisar universo y cierres, corregir y repetir evaluación sin borrar versión; sostener operación y obligaciones de atención.",Antes de cerrar piloto 19 y cada conciliación mensual 21–56.,"Universo conciliado, motivos de exclusión, abiertas, errores, reaperturas y control de cierre por condición.",IN4.2; IN4.3; IN4.4,15,10,Identificado; tratamiento comprometido; residual objetivo no verificado,"Acciones en paquete vinculado y T-15; sin HH libres ni reserva económica adicional; costo y refuerzo se concilian en OE con autorización. Para R-IN2-03 rige R-01, con consumo único por campaña."
R-IN5-01,R-15,Reducción ambiental aparente por datos o selección sesgados,"Adhesión voluntaria, lecturas faltantes o cambios de ocupación, clima y lavado.",Se publica ahorro no atribuible al plan o sustentado en consumo/permanencia incorrectos.,3,4,2,4,Ignacio Silva (Proyecto; con verificación de Calidad),"Lectura/permanencia no confiable, base o denominador cero, composición distinta o período sin evidencia.","Comparar mismas embarcaciones, conservar asociación histórica de medidor y permanencia validada; fijar criterios y registrar faenas, clima y resultados adversos.",No publicar reducción; declarar período no evaluable y corregir/capturar en ventana válida sin imputar cero ni atribuir causalidad por simple diferencia.,"Base del mes 18, piloto 19; antes de publicación y preparación de evidencia ambiental 2029.","Series conciliadas, asociaciones históricas, permanencia, exclusiones, contexto y cálculo reproducible.",IN5.1; IN5.3; IN5.4,12,8,Identificado; tratamiento comprometido; residual objetivo no verificado,"Acciones en paquete vinculado y T-15; sin HH libres ni reserva económica adicional; costo y refuerzo se concilian en OE con autorización. Para R-IN2-03 rige R-01, con consumo único por campaña."
R-IN5-02,R-14,Participación o continuidad insuficientes en planes ambientales,Plan poco comprensible o abandono voluntario de armador/charter.,No se ejecutan acciones ni se evalúa utilidad del plan.,3,3,2,3,José Lara Arce (Implantación),"Cohorte no evaluable, retiro o acción sin responsable/plazo/evidencia.",Validar acciones breves con armadores y charter; explicar responsabilidades y retiro sin pérdida de servicio básico.,Ajustar o desactivar plan adicional y registrar resultado no demostrado; preservar registros obligatorios y cierre de no conformidades.,Antes de acciones del piloto 19 y en seguimiento 21–56.,"Adhesiones/retiros, comprensión de tarea, acciones, plazos y evaluación de utilidad.",IN5.1; IN5.3; IN5.4,9,6,Identificado; tratamiento comprometido; residual objetivo no verificado,"Acciones en paquete vinculado y T-15; sin HH libres ni reserva económica adicional; costo y refuerzo se concilian en OE con autorización. Para R-IN2-03 rige R-01, con consumo único por campaña."
R-IN5-03,R-10,Acceso entre flotas o uso fuera de finalidad ambiental,Vínculo histórico/consentimiento o autorización por embarcación no se comprueba.,Se expone historial de otra flota o se habilita finalidad no autorizada.,2,5,1,5,Bruno Toro (Seguridad),"Prueba de aislamiento fallida, consentimiento modificado no aplicado o acceso indebido.","Verificar vínculo vigente, finalidad y autorización por embarcación; ensayar flotas separadas y propagación de restricciones con auditoría.","Suspender vista afectada, conservar evidencia y activar incidente; corregir acceso y repetir aislamiento antes de rehabilitar.","Antes del piloto, cada liberación y al cambio de vínculo/consentimiento.","Casos de separación entre flotas, auditoría de consultas/cambios y prueba de restricción propagada.",IN5.2; IN5.3; IN5.4,10,5,Identificado; tratamiento comprometido; residual objetivo no verificado,"Acciones en paquete vinculado y T-15; sin HH libres ni reserva económica adicional; costo y refuerzo se concilian en OE con autorización. Para R-IN2-03 rige R-01, con consumo único por campaña."
