Actividad,Paquete,Resultado,Periodo,Predecesoras,Ejecutor,Responsable_ultimo,Lugar,Total,A,D,S,Q,V,I,O,L,J
1.9.1.1.1.ACT-A,1.9.1.1.1,"Definir o validar reglas funcionales: Flujo, estados y matriz de roles revisados",14Q1,BASE-CTR,Ulysses Barreto,Fernando Guerrero,DEV/QA/PREPROD Synaptix,8,8,0,0,0,0,0,0,0,0
1.9.1.1.1.ACT-S,1.9.1.1.1,"Especificar o verificar controles de seguridad: Flujo, estados y matriz de roles revisados",14Q1,BASE-CTR,Bruno Toro,Fernando Guerrero,DEV/QA/PREPROD Synaptix,8,0,0,8,0,0,0,0,0,0
1.9.1.1.1.ACT-I,1.9.1.1.1,"Especificar o verificar interfaces: Flujo, estados y matriz de roles revisados",14Q1,BASE-CTR,Fernando Guerrero,Fernando Guerrero,DEV/QA/PREPROD Synaptix,16,0,0,0,0,0,16,0,0,0
1.9.1.1.2.ACT-S,1.9.1.1.2,Especificar o verificar controles de seguridad: Especificación de las interfaces,14Q2,IN1.1.1,Bruno Toro,Fernando Guerrero,DEV/QA/PREPROD Synaptix,8,0,0,8,0,0,0,0,0,0
1.9.1.1.2.ACT-V,1.9.1.1.2,"Implementar, probar unidades y documentar: Especificación de las interfaces",14Q2,IN1.1.1,Nikolai Navea,Fernando Guerrero,DEV/QA/PREPROD Synaptix,8,0,0,0,0,8,0,0,0,0
1.9.1.1.2.ACT-I,1.9.1.1.2,Especificar o verificar interfaces: Especificación de las interfaces,14Q2,IN1.1.1,Fernando Guerrero,Fernando Guerrero,DEV/QA/PREPROD Synaptix,24,0,0,0,0,0,24,0,0,0
1.9.1.1.3.ACT-A,1.9.1.1.3,Definir o validar reglas funcionales: Protocolo de medición y aceptación,15Q1,IN1.1.1,Ulysses Barreto,Davor Serey,DEV/QA/PREPROD Synaptix,8,8,0,0,0,0,0,0,0,0
1.9.1.1.3.ACT-Q,1.9.1.1.3,Comprobar aceptación y consolidar evidencia: Protocolo de medición y aceptación,15Q1,1.9.1.1.3.ACT-A,Davor Serey,Davor Serey,DEV/QA/PREPROD Synaptix,16,0,0,0,16,0,0,0,0,0
1.9.1.2.1.ACT-Q,1.9.1.2.1,Comprobar aceptación y consolidar evidencia: Servicio de solicitudes y transiciones,16Q1,1.9.1.2.1.ACT-V,Davor Serey,Nikolai Navea,DEV/QA/PREPROD Synaptix,8,0,0,0,8,0,0,0,0,0
1.9.1.2.1.ACT-V,1.9.1.2.1,"Implementar, probar unidades y documentar: Servicio de solicitudes y transiciones",16Q1,IN1.1.2,Nikolai Navea,Nikolai Navea,DEV/QA/PREPROD Synaptix,48,0,0,0,0,48,0,0,0,0
1.9.1.2.2.ACT-Q,1.9.1.2.2,Comprobar aceptación y consolidar evidencia: Formularios y vistas en AUT,16Q2,1.9.1.2.2.ACT-V,Davor Serey,Nikolai Navea,DEV/QA/PREPROD Synaptix,8,0,0,0,8,0,0,0,0,0
1.9.1.2.2.ACT-V,1.9.1.2.2,"Implementar, probar unidades y documentar: Formularios y vistas en AUT",16Q2,IN1.1.2,Nikolai Navea,Nikolai Navea,DEV/QA/PREPROD Synaptix,40,0,0,0,0,40,0,0,0,0
1.9.1.2.3.ACT-S,1.9.1.2.3,Especificar o verificar controles de seguridad: Historial y registro asistido auditable,17Q1,IN1.2.1,Bruno Toro,Nikolai Navea,DEV/QA/PREPROD Synaptix,8,0,0,8,0,0,0,0,0,0
1.9.1.2.3.ACT-Q,1.9.1.2.3,Comprobar aceptación y consolidar evidencia: Historial y registro asistido auditable,17Q1,"1.9.1.2.3.ACT-S,1.9.1.2.3.ACT-V",Davor Serey,Nikolai Navea,DEV/QA/PREPROD Synaptix,8,0,0,0,8,0,0,0,0,0
1.9.1.2.3.ACT-V,1.9.1.2.3,"Implementar, probar unidades y documentar: Historial y registro asistido auditable",17Q1,IN1.2.1,Nikolai Navea,Nikolai Navea,DEV/QA/PREPROD Synaptix,32,0,0,0,0,32,0,0,0,0
1.9.1.3.1.ACT-Q,1.9.1.3.1,Comprobar aceptación y consolidar evidencia: Conexiones con CTR y VAR verificadas,17Q1,"1.9.1.3.1.ACT-V,1.9.1.3.1.ACT-I",Davor Serey,Fernando Guerrero,DEV/QA/PREPROD Synaptix,8,0,0,0,8,0,0,0,0,0
1.9.1.3.1.ACT-V,1.9.1.3.1,"Implementar, probar unidades y documentar: Conexiones con CTR y VAR verificadas",17Q1,IN1.2.1,Nikolai Navea,Fernando Guerrero,DEV/QA/PREPROD Synaptix,24,0,0,0,0,24,0,0,0,0
1.9.1.3.1.ACT-I,1.9.1.3.1,Especificar o verificar interfaces: Conexiones con CTR y VAR verificadas,17Q1,IN1.2.1,Fernando Guerrero,Fernando Guerrero,DEV/QA/PREPROD Synaptix,16,0,0,0,0,0,16,0,0,0
1.9.1.3.2.ACT-S,1.9.1.3.2,Especificar o verificar controles de seguridad: Identidad y vínculo de armador integrados,17Q2,IN1.2.2,Bruno Toro,Bruno Toro,DEV/QA/PREPROD Synaptix,16,0,0,16,0,0,0,0,0,0
1.9.1.3.2.ACT-Q,1.9.1.3.2,Comprobar aceptación y consolidar evidencia: Identidad y vínculo de armador integrados,17Q2,"1.9.1.3.2.ACT-S,1.9.1.3.2.ACT-V",Davor Serey,Bruno Toro,DEV/QA/PREPROD Synaptix,8,0,0,0,8,0,0,0,0,0
1.9.1.3.2.ACT-V,1.9.1.3.2,"Implementar, probar unidades y documentar: Identidad y vínculo de armador integrados",17Q2,IN1.2.2,Nikolai Navea,Bruno Toro,DEV/QA/PREPROD Synaptix,16,0,0,0,0,16,0,0,0,0
1.9.1.3.3.ACT-Q,1.9.1.3.3,Comprobar aceptación y consolidar evidencia: Notificaciones y reintentos integrados,17Q2,"1.9.1.3.3.ACT-V,1.9.1.3.3.ACT-I",Davor Serey,Nikolai Navea,DEV/QA/PREPROD Synaptix,8,0,0,0,8,0,0,0,0,0
1.9.1.3.3.ACT-V,1.9.1.3.3,"Implementar, probar unidades y documentar: Notificaciones y reintentos integrados",17Q2,IN1.3.1,Nikolai Navea,Nikolai Navea,DEV/QA/PREPROD Synaptix,24,0,0,0,0,24,0,0,0,0
1.9.1.3.3.ACT-I,1.9.1.3.3,Especificar o verificar interfaces: Notificaciones y reintentos integrados,17Q2,IN1.3.1,Fernando Guerrero,Nikolai Navea,DEV/QA/PREPROD Synaptix,8,0,0,0,0,0,8,0,0,0
1.9.1.4.1.ACT-A,1.9.1.4.1,Definir o validar reglas funcionales: Informe de pruebas funcionales,18Q1,"IN1.2.3,IN1.3.1,IN1.3.2,IN1.3.3",Ulysses Barreto,Davor Serey,DEV/QA/PREPROD Synaptix,8,8,0,0,0,0,0,0,0,0
1.9.1.4.1.ACT-Q,1.9.1.4.1,Comprobar aceptación y consolidar evidencia: Informe de pruebas funcionales,18Q1,1.9.1.4.1.ACT-A,Davor Serey,Davor Serey,DEV/QA/PREPROD Synaptix,24,0,0,0,24,0,0,0,0,0
1.9.1.4.2.ACT-S,1.9.1.4.2,Especificar o verificar controles de seguridad: Informe de seguridad y recuperación,18Q2,IN1.4.1,Bruno Toro,Bruno Toro,DEV/QA/PREPROD Synaptix,16,0,0,16,0,0,0,0,0,0
1.9.1.4.2.ACT-Q,1.9.1.4.2,Comprobar aceptación y consolidar evidencia: Informe de seguridad y recuperación,18Q2,"1.9.1.4.2.ACT-S,1.9.1.4.2.ACT-O",Davor Serey,Bruno Toro,DEV/QA/PREPROD Synaptix,16,0,0,0,16,0,0,0,0,0
1.9.1.4.2.ACT-O,1.9.1.4.2,Preparar o comprobar continuidad y transferencia: Informe de seguridad y recuperación,18Q2,IN1.4.1,José Lara Arce,Bruno Toro,DEV/QA/PREPROD Synaptix,8,0,0,0,0,0,0,8,0,0
1.9.1.5.1.ACT-A,1.9.1.5.1,Definir o validar reglas funcionales: Guía operativa y capacitación registrada,19Q2,"IN1.4.2,IN1.5.3",Ulysses Barreto,José Lara Arce,Marina/Synaptix,8,8,0,0,0,0,0,0,0,0
1.9.1.5.1.ACT-Q,1.9.1.5.1,Comprobar aceptación y consolidar evidencia: Guía operativa y capacitación registrada,19Q2,"1.9.1.5.1.ACT-A,1.9.1.5.1.ACT-L",Davor Serey,José Lara Arce,Marina/Synaptix,8,0,0,0,8,0,0,0,0,0
1.9.1.5.1.ACT-L,1.9.1.5.1,Preparar usuarios y registrar piloto: Guía operativa y capacitación registrada,19Q2,"IN1.4.2,IN1.5.3",José Lara Arce,José Lara Arce,Marina/Synaptix,16,0,0,0,0,0,0,0,16,0
1.9.1.5.2.ACT-A,1.9.1.5.2,Definir o validar reglas funcionales: Registro base de la primera quincena,19Q1,"IN1.1.3,IN1.4.2",Ulysses Barreto,Davor Serey,Marina/Synaptix,8,8,0,0,0,0,0,0,0,0
1.9.1.5.2.ACT-Q,1.9.1.5.2,Comprobar aceptación y consolidar evidencia: Registro base de la primera quincena,19Q1,1.9.1.5.2.ACT-A,Davor Serey,Davor Serey,Marina/Synaptix,8,0,0,0,8,0,0,0,0,0
1.9.1.5.3.ACT-A,1.9.1.5.3,Definir o validar reglas funcionales: Registro base de la segunda quincena,19Q2,IN1.5.2,Ulysses Barreto,Davor Serey,Marina/Synaptix,8,8,0,0,0,0,0,0,0,0
1.9.1.5.3.ACT-Q,1.9.1.5.3,Comprobar aceptación y consolidar evidencia: Registro base de la segunda quincena,19Q2,1.9.1.5.3.ACT-A,Davor Serey,Davor Serey,Marina/Synaptix,8,0,0,0,8,0,0,0,0,0
1.9.1.5.4.ACT-A,1.9.1.5.4,Definir o validar reglas funcionales: Registro de piloto de la primera quincena,20Q1,IN1.5.1,Ulysses Barreto,José Lara Arce,Marina/Synaptix,8,8,0,0,0,0,0,0,0,0
1.9.1.5.4.ACT-Q,1.9.1.5.4,Comprobar aceptación y consolidar evidencia: Registro de piloto de la primera quincena,20Q1,"1.9.1.5.4.ACT-A,1.9.1.5.4.ACT-L",Davor Serey,José Lara Arce,Marina/Synaptix,8,0,0,0,8,0,0,0,0,0
1.9.1.5.4.ACT-L,1.9.1.5.4,Preparar usuarios y registrar piloto: Registro de piloto de la primera quincena,20Q1,IN1.5.1,José Lara Arce,José Lara Arce,Marina/Synaptix,8,0,0,0,0,0,0,0,8,0
1.9.1.5.5.ACT-A,1.9.1.5.5,Definir o validar reglas funcionales: Registro de piloto de la segunda quincena,20Q2,IN1.5.4,Ulysses Barreto,José Lara Arce,Marina/Synaptix,8,8,0,0,0,0,0,0,0,0
1.9.1.5.5.ACT-Q,1.9.1.5.5,Comprobar aceptación y consolidar evidencia: Registro de piloto de la segunda quincena,20Q2,"1.9.1.5.5.ACT-A,1.9.1.5.5.ACT-L",Davor Serey,José Lara Arce,Marina/Synaptix,8,0,0,0,8,0,0,0,0,0
1.9.1.5.5.ACT-L,1.9.1.5.5,Preparar usuarios y registrar piloto: Registro de piloto de la segunda quincena,20Q2,IN1.5.4,José Lara Arce,José Lara Arce,Marina/Synaptix,8,0,0,0,0,0,0,0,8,0
1.9.1.5.6.ACT-A,1.9.1.5.6,Definir o validar reglas funcionales: Informe comparativo y acta de evaluación,20Q2,IN1.5.5,Ulysses Barreto,Davor Serey,Marina/Synaptix,8,8,0,0,0,0,0,0,0,0
1.9.1.5.6.ACT-Q,1.9.1.5.6,Comprobar aceptación y consolidar evidencia: Informe comparativo y acta de evaluación,20Q2,"1.9.1.5.6.ACT-A,1.9.1.5.6.ACT-J",Davor Serey,Davor Serey,Marina/Synaptix,16,0,0,0,16,0,0,0,0,0
1.9.1.5.6.ACT-J,1.9.1.5.6,Controlar decisiones y condiciones contractuales: Informe comparativo y acta de evaluación,20Q2,IN1.5.5,Ignacio Silva,Davor Serey,Marina/Synaptix,8,0,0,0,0,0,0,0,0,8
1.9.1.6.1.ACT-Q,1.9.1.6.1,Comprobar aceptación y consolidar evidencia: Servicio desplegado y transferido a operación,21Q1,"1.9.1.6.1.ACT-O,1.9.1.6.1.ACT-L",Davor Serey,José Lara Arce,DEV/QA/PREPROD Synaptix,8,0,0,0,8,0,0,0,0,0
1.9.1.6.1.ACT-O,1.9.1.6.1,Preparar o comprobar continuidad y transferencia: Servicio desplegado y transferido a operación,21Q1,IN1.5.6,José Lara Arce,José Lara Arce,DEV/QA/PREPROD Synaptix,16,0,0,0,0,0,0,16,0,0
1.9.1.6.1.ACT-L,1.9.1.6.1,Preparar usuarios y registrar piloto: Servicio desplegado y transferido a operación,21Q1,IN1.5.6,José Lara Arce,José Lara Arce,DEV/QA/PREPROD Synaptix,8,0,0,0,0,0,0,0,8,0
1.9.2.1.1.ACT-A,1.9.2.1.1,Definir o validar reglas funcionales: Catálogo de mantenimiento y reglas de planificación definidos,14Q1,BASE-VAR,Ulysses Barreto,Ulysses Barreto,DEV/QA/PREPROD Synaptix,24,24,0,0,0,0,0,0,0,0
1.9.2.1.1.ACT-Q,1.9.2.1.1,Comprobar aceptación y consolidar evidencia: Catálogo de mantenimiento y reglas de planificación definidos,14Q1,1.9.2.1.1.ACT-A,Davor Serey,Ulysses Barreto,DEV/QA/PREPROD Synaptix,8,0,0,0,8,0,0,0,0,0
1.9.2.1.2.ACT-A,1.9.2.1.2,"Definir o validar reglas funcionales: Ficha, responsabilidades e interfaces especificadas",15Q1,"IN2.1.1,IN1.1.2",Ulysses Barreto,Fernando Guerrero,DEV/QA/PREPROD Synaptix,8,8,0,0,0,0,0,0,0,0
1.9.2.1.2.ACT-S,1.9.2.1.2,"Especificar o verificar controles de seguridad: Ficha, responsabilidades e interfaces especificadas",15Q1,"IN2.1.1,IN1.1.2",Bruno Toro,Fernando Guerrero,DEV/QA/PREPROD Synaptix,8,0,0,8,0,0,0,0,0,0
1.9.2.1.2.ACT-I,1.9.2.1.2,"Especificar o verificar interfaces: Ficha, responsabilidades e interfaces especificadas",15Q1,"IN2.1.1,IN1.1.2",Fernando Guerrero,Fernando Guerrero,DEV/QA/PREPROD Synaptix,16,0,0,0,0,0,16,0,0,0
1.9.2.2.1.ACT-Q,1.9.2.2.1,Comprobar aceptación y consolidar evidencia: Ficha de ingreso de antecedentes disponible en AUT,16Q1,1.9.2.2.1.ACT-V,Davor Serey,Nikolai Navea,DEV/QA/PREPROD Synaptix,8,0,0,0,8,0,0,0,0,0
1.9.2.2.1.ACT-V,1.9.2.2.1,"Implementar, probar unidades y documentar: Ficha de ingreso de antecedentes disponible en AUT",16Q1,IN2.1.2,Nikolai Navea,Nikolai Navea,DEV/QA/PREPROD Synaptix,40,0,0,0,0,40,0,0,0,0
1.9.2.2.2.ACT-A,1.9.2.2.2,Definir o validar reglas funcionales: Catálogo configurable y aceptación de propuestas implementados,17Q1,IN2.2.1,Ulysses Barreto,Nikolai Navea,DEV/QA/PREPROD Synaptix,8,8,0,0,0,0,0,0,0,0
1.9.2.2.2.ACT-Q,1.9.2.2.2,Comprobar aceptación y consolidar evidencia: Catálogo configurable y aceptación de propuestas implementados,17Q1,"1.9.2.2.2.ACT-A,1.9.2.2.2.ACT-V",Davor Serey,Nikolai Navea,DEV/QA/PREPROD Synaptix,8,0,0,0,8,0,0,0,0,0
1.9.2.2.2.ACT-V,1.9.2.2.2,"Implementar, probar unidades y documentar: Catálogo configurable y aceptación de propuestas implementados",17Q1,IN2.2.1,Nikolai Navea,Nikolai Navea,DEV/QA/PREPROD Synaptix,40,0,0,0,0,40,0,0,0,0
1.9.2.3.1.ACT-Q,1.9.2.3.1,"Comprobar aceptación y consolidar evidencia: Calendario integrado con posiciones, botaduras y habilitación",17Q2,"1.9.2.3.1.ACT-V,1.9.2.3.1.ACT-I",Davor Serey,Fernando Guerrero,DEV/QA/PREPROD Synaptix,8,0,0,0,8,0,0,0,0,0
1.9.2.3.1.ACT-V,1.9.2.3.1,"Implementar, probar unidades y documentar: Calendario integrado con posiciones, botaduras y habilitación",17Q2,IN2.2.2,Nikolai Navea,Fernando Guerrero,DEV/QA/PREPROD Synaptix,40,0,0,0,0,40,0,0,0,0
1.9.2.3.1.ACT-I,1.9.2.3.1,"Especificar o verificar interfaces: Calendario integrado con posiciones, botaduras y habilitación",17Q2,IN2.2.2,Fernando Guerrero,Fernando Guerrero,DEV/QA/PREPROD Synaptix,8,0,0,0,0,0,8,0,0,0
1.9.2.3.2.ACT-Q,1.9.2.3.2,Comprobar aceptación y consolidar evidencia: Trabajos aceptados vinculados a solicitudes IN1,18Q1,"1.9.2.3.2.ACT-V,1.9.2.3.2.ACT-I",Davor Serey,Nikolai Navea,DEV/QA/PREPROD Synaptix,8,0,0,0,8,0,0,0,0,0
1.9.2.3.2.ACT-V,1.9.2.3.2,"Implementar, probar unidades y documentar: Trabajos aceptados vinculados a solicitudes IN1",18Q1,"IN2.3.1,IN1.3.1",Nikolai Navea,Nikolai Navea,DEV/QA/PREPROD Synaptix,32,0,0,0,0,32,0,0,0,0
1.9.2.3.2.ACT-I,1.9.2.3.2,Especificar o verificar interfaces: Trabajos aceptados vinculados a solicitudes IN1,18Q1,"IN2.3.1,IN1.3.1",Fernando Guerrero,Nikolai Navea,DEV/QA/PREPROD Synaptix,8,0,0,0,0,0,8,0,0,0
1.9.2.3.3.ACT-S,1.9.2.3.3,Especificar o verificar controles de seguridad: Permisos y notificaciones configurados,18Q2,IN2.3.2,Bruno Toro,Bruno Toro,DEV/QA/PREPROD Synaptix,8,0,0,8,0,0,0,0,0,0
1.9.2.3.3.ACT-Q,1.9.2.3.3,Comprobar aceptación y consolidar evidencia: Permisos y notificaciones configurados,18Q2,"1.9.2.3.3.ACT-S,1.9.2.3.3.ACT-V",Davor Serey,Bruno Toro,DEV/QA/PREPROD Synaptix,8,0,0,0,8,0,0,0,0,0
1.9.2.3.3.ACT-V,1.9.2.3.3,"Implementar, probar unidades y documentar: Permisos y notificaciones configurados",18Q2,IN2.3.2,Nikolai Navea,Bruno Toro,DEV/QA/PREPROD Synaptix,24,0,0,0,0,24,0,0,0,0
1.9.2.4.1.ACT-A,1.9.2.4.1,Definir o validar reglas funcionales: Evidencias de pruebas funcionales y de integración,19Q1,IN2.3.3,Ulysses Barreto,Davor Serey,DEV/QA/PREPROD Synaptix,8,8,0,0,0,0,0,0,0,0
1.9.2.4.1.ACT-Q,1.9.2.4.1,Comprobar aceptación y consolidar evidencia: Evidencias de pruebas funcionales y de integración,19Q1,1.9.2.4.1.ACT-A,Davor Serey,Davor Serey,DEV/QA/PREPROD Synaptix,24,0,0,0,24,0,0,0,0,0
1.9.2.4.2.ACT-S,1.9.2.4.2,"Especificar o verificar controles de seguridad: Seguridad, recuperación y aceptación técnica",20Q1,IN2.4.1,Bruno Toro,Bruno Toro,DEV/QA/PREPROD Synaptix,16,0,0,16,0,0,0,0,0,0
1.9.2.4.2.ACT-Q,1.9.2.4.2,"Comprobar aceptación y consolidar evidencia: Seguridad, recuperación y aceptación técnica",20Q1,"1.9.2.4.2.ACT-S,1.9.2.4.2.ACT-O",Davor Serey,Bruno Toro,DEV/QA/PREPROD Synaptix,16,0,0,0,16,0,0,0,0,0
1.9.2.4.2.ACT-O,1.9.2.4.2,"Preparar o comprobar continuidad y transferencia: Seguridad, recuperación y aceptación técnica",20Q1,IN2.4.1,José Lara Arce,Bruno Toro,DEV/QA/PREPROD Synaptix,8,0,0,0,0,0,0,8,0,0
1.9.2.5.1.ACT-A,1.9.2.5.1,"Definir o validar reglas funcionales: Participantes inscritos, fichas y capacitación registrada",INVQ1,"IN2.4.2,IN1.6.1",Ulysses Barreto,José Lara Arce,Marina/Synaptix,8,8,0,0,0,0,0,0,0,0
1.9.2.5.1.ACT-Q,1.9.2.5.1,"Comprobar aceptación y consolidar evidencia: Participantes inscritos, fichas y capacitación registrada",INVQ1,"1.9.2.5.1.ACT-A,1.9.2.5.1.ACT-L",Davor Serey,José Lara Arce,Marina/Synaptix,8,0,0,0,8,0,0,0,0,0
1.9.2.5.1.ACT-L,1.9.2.5.1,"Preparar usuarios y registrar piloto: Participantes inscritos, fichas y capacitación registrada",INVQ1,"IN2.4.2,IN1.6.1",José Lara Arce,José Lara Arce,Marina/Synaptix,16,0,0,0,0,0,0,0,16,0
1.9.2.5.2.ACT-A,1.9.2.5.2,Definir o validar reglas funcionales: Planes aceptados y calendario confirmado,INVQ2,IN2.5.1,Ulysses Barreto,Ulysses Barreto,Marina/Synaptix,24,24,0,0,0,0,0,0,0,0
1.9.2.5.2.ACT-Q,1.9.2.5.2,Comprobar aceptación y consolidar evidencia: Planes aceptados y calendario confirmado,INVQ2,"1.9.2.5.2.ACT-A,1.9.2.5.2.ACT-L",Davor Serey,Ulysses Barreto,Marina/Synaptix,8,0,0,0,8,0,0,0,0,0
1.9.2.5.2.ACT-L,1.9.2.5.2,Preparar usuarios y registrar piloto: Planes aceptados y calendario confirmado,INVQ2,IN2.5.1,José Lara Arce,Ulysses Barreto,Marina/Synaptix,8,0,0,0,0,0,0,0,8,0
1.9.2.5.3.0.1.ACT-A,1.9.2.5.3.0.1,Definir o validar reglas funcionales: Informe quincenal del piloto invernal,INV+0Q1,IN2.5.2,Ulysses Barreto,José Lara Arce,Marina/Synaptix,4,4,0,0,0,0,0,0,0,0
1.9.2.5.3.0.1.ACT-Q,1.9.2.5.3.0.1,Comprobar aceptación y consolidar evidencia: Informe quincenal del piloto invernal,INV+0Q1,"1.9.2.5.3.0.1.ACT-A,1.9.2.5.3.0.1.ACT-L",Davor Serey,José Lara Arce,Marina/Synaptix,4,0,0,0,4,0,0,0,0,0
1.9.2.5.3.0.1.ACT-L,1.9.2.5.3.0.1,Preparar usuarios y registrar piloto: Informe quincenal del piloto invernal,INV+0Q1,IN2.5.2,José Lara Arce,José Lara Arce,Marina/Synaptix,8,0,0,0,0,0,0,0,8,0
1.9.2.5.3.0.2.ACT-A,1.9.2.5.3.0.2,Definir o validar reglas funcionales: Informe quincenal del piloto invernal,INV+0Q2,IN2.5.2,Ulysses Barreto,José Lara Arce,Marina/Synaptix,4,4,0,0,0,0,0,0,0,0
1.9.2.5.3.0.2.ACT-Q,1.9.2.5.3.0.2,Comprobar aceptación y consolidar evidencia: Informe quincenal del piloto invernal,INV+0Q2,"1.9.2.5.3.0.2.ACT-A,1.9.2.5.3.0.2.ACT-L",Davor Serey,José Lara Arce,Marina/Synaptix,4,0,0,0,4,0,0,0,0,0
1.9.2.5.3.0.2.ACT-L,1.9.2.5.3.0.2,Preparar usuarios y registrar piloto: Informe quincenal del piloto invernal,INV+0Q2,IN2.5.2,José Lara Arce,José Lara Arce,Marina/Synaptix,8,0,0,0,0,0,0,0,8,0
1.9.2.5.3.1.1.ACT-A,1.9.2.5.3.1.1,Definir o validar reglas funcionales: Informe quincenal del piloto invernal,INV+1Q1,IN2.5.2,Ulysses Barreto,José Lara Arce,Marina/Synaptix,4,4,0,0,0,0,0,0,0,0
1.9.2.5.3.1.1.ACT-Q,1.9.2.5.3.1.1,Comprobar aceptación y consolidar evidencia: Informe quincenal del piloto invernal,INV+1Q1,"1.9.2.5.3.1.1.ACT-A,1.9.2.5.3.1.1.ACT-L",Davor Serey,José Lara Arce,Marina/Synaptix,4,0,0,0,4,0,0,0,0,0
1.9.2.5.3.1.1.ACT-L,1.9.2.5.3.1.1,Preparar usuarios y registrar piloto: Informe quincenal del piloto invernal,INV+1Q1,IN2.5.2,José Lara Arce,José Lara Arce,Marina/Synaptix,8,0,0,0,0,0,0,0,8,0
1.9.2.5.3.1.2.ACT-A,1.9.2.5.3.1.2,Definir o validar reglas funcionales: Informe quincenal del piloto invernal,INV+1Q2,IN2.5.2,Ulysses Barreto,José Lara Arce,Marina/Synaptix,4,4,0,0,0,0,0,0,0,0
1.9.2.5.3.1.2.ACT-Q,1.9.2.5.3.1.2,Comprobar aceptación y consolidar evidencia: Informe quincenal del piloto invernal,INV+1Q2,"1.9.2.5.3.1.2.ACT-A,1.9.2.5.3.1.2.ACT-L",Davor Serey,José Lara Arce,Marina/Synaptix,4,0,0,0,4,0,0,0,0,0
1.9.2.5.3.1.2.ACT-L,1.9.2.5.3.1.2,Preparar usuarios y registrar piloto: Informe quincenal del piloto invernal,INV+1Q2,IN2.5.2,José Lara Arce,José Lara Arce,Marina/Synaptix,8,0,0,0,0,0,0,0,8,0
1.9.2.5.3.2.1.ACT-A,1.9.2.5.3.2.1,Definir o validar reglas funcionales: Informe quincenal del piloto invernal,INV+2Q1,IN2.5.2,Ulysses Barreto,José Lara Arce,Marina/Synaptix,4,4,0,0,0,0,0,0,0,0
1.9.2.5.3.2.1.ACT-Q,1.9.2.5.3.2.1,Comprobar aceptación y consolidar evidencia: Informe quincenal del piloto invernal,INV+2Q1,"1.9.2.5.3.2.1.ACT-A,1.9.2.5.3.2.1.ACT-L",Davor Serey,José Lara Arce,Marina/Synaptix,4,0,0,0,4,0,0,0,0,0
1.9.2.5.3.2.1.ACT-L,1.9.2.5.3.2.1,Preparar usuarios y registrar piloto: Informe quincenal del piloto invernal,INV+2Q1,IN2.5.2,José Lara Arce,José Lara Arce,Marina/Synaptix,8,0,0,0,0,0,0,0,8,0
1.9.2.5.3.2.2.ACT-A,1.9.2.5.3.2.2,Definir o validar reglas funcionales: Informe quincenal del piloto invernal,INV+2Q2,IN2.5.2,Ulysses Barreto,José Lara Arce,Marina/Synaptix,4,4,0,0,0,0,0,0,0,0
1.9.2.5.3.2.2.ACT-Q,1.9.2.5.3.2.2,Comprobar aceptación y consolidar evidencia: Informe quincenal del piloto invernal,INV+2Q2,"1.9.2.5.3.2.2.ACT-A,1.9.2.5.3.2.2.ACT-L",Davor Serey,José Lara Arce,Marina/Synaptix,4,0,0,0,4,0,0,0,0,0
1.9.2.5.3.2.2.ACT-L,1.9.2.5.3.2.2,Preparar usuarios y registrar piloto: Informe quincenal del piloto invernal,INV+2Q2,IN2.5.2,José Lara Arce,José Lara Arce,Marina/Synaptix,8,0,0,0,0,0,0,0,8,0
1.9.2.5.5.3.1.ACT-A,1.9.2.5.5.3.1,Definir o validar reglas funcionales: Registro quincenal de resultados de botaduras,INV+3Q1,"IN2.5.4.*,IN2.5.2",Ulysses Barreto,Davor Serey,Marina/Synaptix,8,8,0,0,0,0,0,0,0,0
1.9.2.5.5.3.1.ACT-Q,1.9.2.5.5.3.1,Comprobar aceptación y consolidar evidencia: Registro quincenal de resultados de botaduras,INV+3Q1,1.9.2.5.5.3.1.ACT-A,Davor Serey,Davor Serey,Marina/Synaptix,8,0,0,0,8,0,0,0,0,0
1.9.2.5.5.3.2.ACT-A,1.9.2.5.5.3.2,Definir o validar reglas funcionales: Registro quincenal de resultados de botaduras,INV+3Q2,"IN2.5.4.*,IN2.5.2",Ulysses Barreto,Davor Serey,Marina/Synaptix,8,8,0,0,0,0,0,0,0,0
1.9.2.5.5.3.2.ACT-Q,1.9.2.5.5.3.2,Comprobar aceptación y consolidar evidencia: Registro quincenal de resultados de botaduras,INV+3Q2,1.9.2.5.5.3.2.ACT-A,Davor Serey,Davor Serey,Marina/Synaptix,8,0,0,0,8,0,0,0,0,0
1.9.2.5.5.4.1.ACT-A,1.9.2.5.5.4.1,Definir o validar reglas funcionales: Registro quincenal de resultados de botaduras,INV+4Q1,"IN2.5.4.*,IN2.5.2",Ulysses Barreto,Davor Serey,Marina/Synaptix,8,8,0,0,0,0,0,0,0,0
1.9.2.5.5.4.1.ACT-Q,1.9.2.5.5.4.1,Comprobar aceptación y consolidar evidencia: Registro quincenal de resultados de botaduras,INV+4Q1,1.9.2.5.5.4.1.ACT-A,Davor Serey,Davor Serey,Marina/Synaptix,8,0,0,0,8,0,0,0,0,0
1.9.2.5.5.4.2.ACT-A,1.9.2.5.5.4.2,Definir o validar reglas funcionales: Registro quincenal de resultados de botaduras,INV+4Q2,"IN2.5.4.*,IN2.5.2",Ulysses Barreto,Davor Serey,Marina/Synaptix,8,8,0,0,0,0,0,0,0,0
1.9.2.5.5.4.2.ACT-Q,1.9.2.5.5.4.2,Comprobar aceptación y consolidar evidencia: Registro quincenal de resultados de botaduras,INV+4Q2,1.9.2.5.5.4.2.ACT-A,Davor Serey,Davor Serey,Marina/Synaptix,8,0,0,0,8,0,0,0,0,0
1.9.2.5.5.5.1.ACT-A,1.9.2.5.5.5.1,Definir o validar reglas funcionales: Registro quincenal de resultados de botaduras,INV+5Q1,"IN2.5.4.*,IN2.5.2",Ulysses Barreto,Davor Serey,Marina/Synaptix,8,8,0,0,0,0,0,0,0,0
1.9.2.5.5.5.1.ACT-Q,1.9.2.5.5.5.1,Comprobar aceptación y consolidar evidencia: Registro quincenal de resultados de botaduras,INV+5Q1,1.9.2.5.5.5.1.ACT-A,Davor Serey,Davor Serey,Marina/Synaptix,8,0,0,0,8,0,0,0,0,0
1.9.2.5.5.5.2.ACT-A,1.9.2.5.5.5.2,Definir o validar reglas funcionales: Registro quincenal de resultados de botaduras,INV+5Q2,"IN2.5.4.*,IN2.5.2",Ulysses Barreto,Davor Serey,Marina/Synaptix,8,8,0,0,0,0,0,0,0,0
1.9.2.5.5.5.2.ACT-Q,1.9.2.5.5.5.2,Comprobar aceptación y consolidar evidencia: Registro quincenal de resultados de botaduras,INV+5Q2,1.9.2.5.5.5.2.ACT-A,Davor Serey,Davor Serey,Marina/Synaptix,8,0,0,0,8,0,0,0,0,0
1.9.2.5.6.ACT-A,1.9.2.5.6,Definir o validar reglas funcionales: Informe comparativo de resultados y acta de evaluación,INV+5Q2,"IN2.5.3.*,IN2.5.4.*,IN2.5.5.*",Ulysses Barreto,Davor Serey,Marina/Synaptix,8,8,0,0,0,0,0,0,0,0
1.9.2.5.6.ACT-Q,1.9.2.5.6,Comprobar aceptación y consolidar evidencia: Informe comparativo de resultados y acta de evaluación,INV+5Q2,1.9.2.5.6.ACT-A,Davor Serey,Davor Serey,Marina/Synaptix,24,0,0,0,24,0,0,0,0,0
1.9.2.6.1.ACT-Q,1.9.2.6.1,"Comprobar aceptación y consolidar evidencia: Procedimiento, documentación y transferencia a operación",INV+5Q2,"1.9.2.6.1.ACT-O,1.9.2.6.1.ACT-L",Davor Serey,José Lara Arce,DEV/QA/PREPROD Synaptix,8,0,0,0,8,0,0,0,0,0
1.9.2.6.1.ACT-O,1.9.2.6.1,"Preparar o comprobar continuidad y transferencia: Procedimiento, documentación y transferencia a operación",INV+5Q2,IN2.5.6,José Lara Arce,José Lara Arce,DEV/QA/PREPROD Synaptix,16,0,0,0,0,0,0,16,0,0
1.9.2.6.1.ACT-L,1.9.2.6.1,"Preparar usuarios y registrar piloto: Procedimiento, documentación y transferencia a operación",INV+5Q2,IN2.5.6,José Lara Arce,José Lara Arce,DEV/QA/PREPROD Synaptix,8,0,0,0,0,0,0,0,8,0
1.9.3.1.1.ACT-A,1.9.3.1.1,"Definir o validar reglas funcionales: Inventario de formatos, volumen y campos requeridos",14Q1,BASE-NAV,Ulysses Barreto,Nicolás Torfan,DEV/QA/PREPROD Synaptix,8,8,0,0,0,0,0,0,0,0
1.9.3.1.1.ACT-D,1.9.3.1.1,"Preparar y comprobar datos y cobertura: Inventario de formatos, volumen y campos requeridos",14Q1,BASE-NAV,Nicolás Torfan,Nicolás Torfan,DEV/QA/PREPROD Synaptix,16,0,16,0,0,0,0,0,0,0
1.9.3.1.1.ACT-Q,1.9.3.1.1,"Comprobar aceptación y consolidar evidencia: Inventario de formatos, volumen y campos requeridos",14Q1,"1.9.3.1.1.ACT-A,1.9.3.1.1.ACT-D",Davor Serey,Nicolás Torfan,DEV/QA/PREPROD Synaptix,8,0,0,0,8,0,0,0,0,0
1.9.3.1.2.ACT-D,1.9.3.1.2,Preparar y comprobar datos y cobertura: Interfaces y controles de IA especificados,15Q1,IN3.1.1,Nicolás Torfan,Fernando Guerrero,DEV/QA/PREPROD Synaptix,8,0,8,0,0,0,0,0,0,0
1.9.3.1.2.ACT-S,1.9.3.1.2,Especificar o verificar controles de seguridad: Interfaces y controles de IA especificados,15Q1,IN3.1.1,Bruno Toro,Fernando Guerrero,DEV/QA/PREPROD Synaptix,16,0,0,16,0,0,0,0,0,0
1.9.3.1.2.ACT-I,1.9.3.1.2,Especificar o verificar interfaces: Interfaces y controles de IA especificados,15Q1,IN3.1.1,Fernando Guerrero,Fernando Guerrero,DEV/QA/PREPROD Synaptix,16,0,0,0,0,0,16,0,0,0
1.9.3.2.1.ACT-Q,1.9.3.2.1,Comprobar aceptación y consolidar evidencia: Adaptador del extractor y procesamiento asíncrono,16Q1,"1.9.3.2.1.ACT-V,1.9.3.2.1.ACT-I",Davor Serey,Nikolai Navea,DEV/QA/PREPROD Synaptix,8,0,0,0,8,0,0,0,0,0
1.9.3.2.1.ACT-V,1.9.3.2.1,"Implementar, probar unidades y documentar: Adaptador del extractor y procesamiento asíncrono",16Q1,IN3.1.2,Nikolai Navea,Nikolai Navea,DEV/QA/PREPROD Synaptix,48,0,0,0,0,48,0,0,0,0
1.9.3.2.1.ACT-I,1.9.3.2.1,Especificar o verificar interfaces: Adaptador del extractor y procesamiento asíncrono,16Q1,IN3.1.2,Fernando Guerrero,Nikolai Navea,DEV/QA/PREPROD Synaptix,8,0,0,0,0,0,8,0,0,0
1.9.3.2.2.ACT-D,1.9.3.2.2,"Preparar y comprobar datos y cobertura: Reglas de campos, discrepancias y datos pendientes",16Q2,IN3.1.2,Nicolás Torfan,Nicolás Torfan,DEV/QA/PREPROD Synaptix,24,0,24,0,0,0,0,0,0,0
1.9.3.2.2.ACT-Q,1.9.3.2.2,"Comprobar aceptación y consolidar evidencia: Reglas de campos, discrepancias y datos pendientes",16Q2,"1.9.3.2.2.ACT-D,1.9.3.2.2.ACT-V",Davor Serey,Nicolás Torfan,DEV/QA/PREPROD Synaptix,8,0,0,0,8,0,0,0,0,0
1.9.3.2.2.ACT-V,1.9.3.2.2,"Implementar, probar unidades y documentar: Reglas de campos, discrepancias y datos pendientes",16Q2,IN3.1.2,Nikolai Navea,Nicolás Torfan,DEV/QA/PREPROD Synaptix,16,0,0,0,0,16,0,0,0,0
1.9.3.3.1.ACT-A,1.9.3.3.1,Definir o validar reglas funcionales: Formulario de revisión y aprobación humana,17Q1,"IN3.2.1,IN3.2.2",Ulysses Barreto,Nikolai Navea,DEV/QA/PREPROD Synaptix,8,8,0,0,0,0,0,0,0,0
1.9.3.3.1.ACT-Q,1.9.3.3.1,Comprobar aceptación y consolidar evidencia: Formulario de revisión y aprobación humana,17Q1,"1.9.3.3.1.ACT-A,1.9.3.3.1.ACT-V",Davor Serey,Nikolai Navea,DEV/QA/PREPROD Synaptix,8,0,0,0,8,0,0,0,0,0
1.9.3.3.1.ACT-V,1.9.3.3.1,"Implementar, probar unidades y documentar: Formulario de revisión y aprobación humana",17Q1,"IN3.2.1,IN3.2.2",Nikolai Navea,Nikolai Navea,DEV/QA/PREPROD Synaptix,40,0,0,0,0,40,0,0,0,0
1.9.3.3.2.ACT-S,1.9.3.3.2,"Especificar o verificar controles de seguridad: Integración con expediente, NAV y auditoría",17Q2,IN3.3.1,Bruno Toro,Fernando Guerrero,DEV/QA/PREPROD Synaptix,8,0,0,8,0,0,0,0,0,0
1.9.3.3.2.ACT-Q,1.9.3.3.2,"Comprobar aceptación y consolidar evidencia: Integración con expediente, NAV y auditoría",17Q2,"1.9.3.3.2.ACT-S,1.9.3.3.2.ACT-V,1.9.3.3.2.ACT-I",Davor Serey,Fernando Guerrero,DEV/QA/PREPROD Synaptix,8,0,0,0,8,0,0,0,0,0
1.9.3.3.2.ACT-V,1.9.3.3.2,"Implementar, probar unidades y documentar: Integración con expediente, NAV y auditoría",17Q2,IN3.3.1,Nikolai Navea,Fernando Guerrero,DEV/QA/PREPROD Synaptix,32,0,0,0,0,32,0,0,0,0
1.9.3.3.2.ACT-I,1.9.3.3.2,"Especificar o verificar interfaces: Integración con expediente, NAV y auditoría",17Q2,IN3.3.1,Fernando Guerrero,Fernando Guerrero,DEV/QA/PREPROD Synaptix,8,0,0,0,0,0,8,0,0,0
1.9.3.3.3.ACT-Q,1.9.3.3.3,"Comprobar aceptación y consolidar evidencia: Ingreso manual, reintentos y resultados tardíos",17Q2,1.9.3.3.3.ACT-V,Davor Serey,Nikolai Navea,DEV/QA/PREPROD Synaptix,8,0,0,0,8,0,0,0,0,0
1.9.3.3.3.ACT-V,1.9.3.3.3,"Implementar, probar unidades y documentar: Ingreso manual, reintentos y resultados tardíos",17Q2,IN3.3.1,Nikolai Navea,Nikolai Navea,DEV/QA/PREPROD Synaptix,32,0,0,0,0,32,0,0,0,0
1.9.3.4.1.ACT-D,1.9.3.4.1,"Preparar y comprobar datos y cobertura: Pruebas de extracción, integración y continuidad",18Q1,"IN3.3.2,IN3.3.3",Nicolás Torfan,Davor Serey,DEV/QA/PREPROD Synaptix,8,0,8,0,0,0,0,0,0,0
1.9.3.4.1.ACT-Q,1.9.3.4.1,"Comprobar aceptación y consolidar evidencia: Pruebas de extracción, integración y continuidad",18Q1,"1.9.3.4.1.ACT-D,1.9.3.4.1.ACT-O",Davor Serey,Davor Serey,DEV/QA/PREPROD Synaptix,24,0,0,0,24,0,0,0,0,0
1.9.3.4.1.ACT-O,1.9.3.4.1,"Preparar o comprobar continuidad y transferencia: Pruebas de extracción, integración y continuidad",18Q1,"IN3.3.2,IN3.3.3",José Lara Arce,Davor Serey,DEV/QA/PREPROD Synaptix,8,0,0,0,0,0,0,8,0,0
1.9.3.4.2.ACT-S,1.9.3.4.2,Especificar o verificar controles de seguridad: Matriz y evidencias de controles de IA,18Q2,IN3.4.1,Bruno Toro,Bruno Toro,DEV/QA/PREPROD Synaptix,16,0,0,16,0,0,0,0,0,0
1.9.3.4.2.ACT-Q,1.9.3.4.2,Comprobar aceptación y consolidar evidencia: Matriz y evidencias de controles de IA,18Q2,1.9.3.4.2.ACT-S,Davor Serey,Bruno Toro,DEV/QA/PREPROD Synaptix,16,0,0,0,16,0,0,0,0,0
1.9.3.5.1.ACT-D,1.9.3.5.1,"Preparar y comprobar datos y cobertura: Muestra autorizada, protocolo y capacitación",18Q2,IN3.4.2,Nicolás Torfan,Nicolás Torfan,Marina/Synaptix,8,0,8,0,0,0,0,0,0,0
1.9.3.5.1.ACT-Q,1.9.3.5.1,"Comprobar aceptación y consolidar evidencia: Muestra autorizada, protocolo y capacitación",18Q2,"1.9.3.5.1.ACT-D,1.9.3.5.1.ACT-L",Davor Serey,Nicolás Torfan,Marina/Synaptix,8,0,0,0,8,0,0,0,0,0
1.9.3.5.1.ACT-L,1.9.3.5.1,"Preparar usuarios y registrar piloto: Muestra autorizada, protocolo y capacitación",18Q2,IN3.4.2,José Lara Arce,Nicolás Torfan,Marina/Synaptix,16,0,0,0,0,0,0,0,16,0
1.9.3.5.2.19.1.ACT-D,1.9.3.5.2.19.1,Preparar y comprobar datos y cobertura: Registro quincenal de ejecución manual y asistida,19Q1,IN3.5.1,Nicolás Torfan,José Lara Arce,Marina/Synaptix,4,0,4,0,0,0,0,0,0,0
1.9.3.5.2.19.1.ACT-Q,1.9.3.5.2.19.1,Comprobar aceptación y consolidar evidencia: Registro quincenal de ejecución manual y asistida,19Q1,"1.9.3.5.2.19.1.ACT-D,1.9.3.5.2.19.1.ACT-L",Davor Serey,José Lara Arce,Marina/Synaptix,4,0,0,0,4,0,0,0,0,0
1.9.3.5.2.19.1.ACT-L,1.9.3.5.2.19.1,Preparar usuarios y registrar piloto: Registro quincenal de ejecución manual y asistida,19Q1,IN3.5.1,José Lara Arce,José Lara Arce,Marina/Synaptix,8,0,0,0,0,0,0,0,8,0
1.9.3.5.2.19.2.ACT-D,1.9.3.5.2.19.2,Preparar y comprobar datos y cobertura: Registro quincenal de ejecución manual y asistida,19Q2,IN3.5.2.19.1,Nicolás Torfan,José Lara Arce,Marina/Synaptix,4,0,4,0,0,0,0,0,0,0
1.9.3.5.2.19.2.ACT-Q,1.9.3.5.2.19.2,Comprobar aceptación y consolidar evidencia: Registro quincenal de ejecución manual y asistida,19Q2,"1.9.3.5.2.19.2.ACT-D,1.9.3.5.2.19.2.ACT-L",Davor Serey,José Lara Arce,Marina/Synaptix,4,0,0,0,4,0,0,0,0,0
1.9.3.5.2.19.2.ACT-L,1.9.3.5.2.19.2,Preparar usuarios y registrar piloto: Registro quincenal de ejecución manual y asistida,19Q2,IN3.5.2.19.1,José Lara Arce,José Lara Arce,Marina/Synaptix,8,0,0,0,0,0,0,0,8,0
1.9.3.5.2.20.1.ACT-D,1.9.3.5.2.20.1,Preparar y comprobar datos y cobertura: Registro quincenal de ejecución manual y asistida,20Q1,IN3.5.2.19.2,Nicolás Torfan,José Lara Arce,Marina/Synaptix,4,0,4,0,0,0,0,0,0,0
1.9.3.5.2.20.1.ACT-Q,1.9.3.5.2.20.1,Comprobar aceptación y consolidar evidencia: Registro quincenal de ejecución manual y asistida,20Q1,"1.9.3.5.2.20.1.ACT-D,1.9.3.5.2.20.1.ACT-L",Davor Serey,José Lara Arce,Marina/Synaptix,4,0,0,0,4,0,0,0,0,0
1.9.3.5.2.20.1.ACT-L,1.9.3.5.2.20.1,Preparar usuarios y registrar piloto: Registro quincenal de ejecución manual y asistida,20Q1,IN3.5.2.19.2,José Lara Arce,José Lara Arce,Marina/Synaptix,8,0,0,0,0,0,0,0,8,0
1.9.3.5.2.20.2.ACT-D,1.9.3.5.2.20.2,Preparar y comprobar datos y cobertura: Registro quincenal de ejecución manual y asistida,20Q2,IN3.5.2.20.1,Nicolás Torfan,José Lara Arce,Marina/Synaptix,4,0,4,0,0,0,0,0,0,0
1.9.3.5.2.20.2.ACT-Q,1.9.3.5.2.20.2,Comprobar aceptación y consolidar evidencia: Registro quincenal de ejecución manual y asistida,20Q2,"1.9.3.5.2.20.2.ACT-D,1.9.3.5.2.20.2.ACT-L",Davor Serey,José Lara Arce,Marina/Synaptix,4,0,0,0,4,0,0,0,0,0
1.9.3.5.2.20.2.ACT-L,1.9.3.5.2.20.2,Preparar usuarios y registrar piloto: Registro quincenal de ejecución manual y asistida,20Q2,IN3.5.2.20.1,José Lara Arce,José Lara Arce,Marina/Synaptix,8,0,0,0,0,0,0,0,8,0
1.9.3.5.3.ACT-A,1.9.3.5.3,"Definir o validar reglas funcionales: Informe de tiempos, errores, costos y beneficio",20Q2,IN3.5.2.*,Ulysses Barreto,Davor Serey,Marina/Synaptix,8,8,0,0,0,0,0,0,0,0
1.9.3.5.3.ACT-D,1.9.3.5.3,"Preparar y comprobar datos y cobertura: Informe de tiempos, errores, costos y beneficio",20Q2,IN3.5.2.*,Nicolás Torfan,Davor Serey,Marina/Synaptix,8,0,8,0,0,0,0,0,0,0
1.9.3.5.3.ACT-Q,1.9.3.5.3,"Comprobar aceptación y consolidar evidencia: Informe de tiempos, errores, costos y beneficio",20Q2,"1.9.3.5.3.ACT-A,1.9.3.5.3.ACT-D",Davor Serey,Davor Serey,Marina/Synaptix,16,0,0,0,16,0,0,0,0,0
1.9.3.6.1.ACT-Q,1.9.3.6.1,"Comprobar aceptación y consolidar evidencia: Configuración, manuales y transferencia",21Q1,"1.9.3.6.1.ACT-O,1.9.3.6.1.ACT-L",Davor Serey,José Lara Arce,DEV/QA/PREPROD Synaptix,8,0,0,0,8,0,0,0,0,0
1.9.3.6.1.ACT-O,1.9.3.6.1,"Preparar o comprobar continuidad y transferencia: Configuración, manuales y transferencia",21Q1,IN3.5.3,José Lara Arce,José Lara Arce,DEV/QA/PREPROD Synaptix,16,0,0,0,0,0,0,16,0,0
1.9.3.6.1.ACT-L,1.9.3.6.1,"Preparar usuarios y registrar piloto: Configuración, manuales y transferencia",21Q1,IN3.5.3,José Lara Arce,José Lara Arce,DEV/QA/PREPROD Synaptix,8,0,0,0,0,0,0,0,8,0
1.9.4.1.1.ACT-A,1.9.4.1.1,Definir o validar reglas funcionales: Ficha de medición y atribución del resultado,2Q2,BASE-VAR,Ulysses Barreto,Ulysses Barreto,DEV/QA/PREPROD Synaptix,16,16,0,0,0,0,0,0,0,0
1.9.4.1.1.ACT-Q,1.9.4.1.1,Comprobar aceptación y consolidar evidencia: Ficha de medición y atribución del resultado,2Q2,1.9.4.1.1.ACT-A,Davor Serey,Ulysses Barreto,DEV/QA/PREPROD Synaptix,8,0,0,0,8,0,0,0,0,0
1.9.4.1.2.ACT-A,1.9.4.1.2,Definir o validar reglas funcionales: Regla comercial y escenarios de incentivo,4Q1,IN4.1.1,Ulysses Barreto,Ignacio Silva,DEV/QA/PREPROD Synaptix,16,16,0,0,0,0,0,0,0,0
1.9.4.1.2.ACT-Q,1.9.4.1.2,Comprobar aceptación y consolidar evidencia: Regla comercial y escenarios de incentivo,4Q1,"1.9.4.1.2.ACT-A,1.9.4.1.2.ACT-J",Davor Serey,Ignacio Silva,DEV/QA/PREPROD Synaptix,8,0,0,0,8,0,0,0,0,0
1.9.4.1.2.ACT-J,1.9.4.1.2,Controlar decisiones y condiciones contractuales: Regla comercial y escenarios de incentivo,4Q1,IN4.1.1,Ignacio Silva,Ignacio Silva,DEV/QA/PREPROD Synaptix,8,0,0,0,0,0,0,0,0,8
1.9.4.2.1.ACT-A,1.9.4.2.1,Definir o validar reglas funcionales: Interfaces y expediente de medición especificados,14Q1,"IN4.1.2,IN1.1.1",Ulysses Barreto,Fernando Guerrero,DEV/QA/PREPROD Synaptix,8,8,0,0,0,0,0,0,0,0
1.9.4.2.1.ACT-S,1.9.4.2.1,Especificar o verificar controles de seguridad: Interfaces y expediente de medición especificados,14Q1,"IN4.1.2,IN1.1.1",Bruno Toro,Fernando Guerrero,DEV/QA/PREPROD Synaptix,8,0,0,8,0,0,0,0,0,0
1.9.4.2.1.ACT-I,1.9.4.2.1,Especificar o verificar interfaces: Interfaces y expediente de medición especificados,14Q1,"IN4.1.2,IN1.1.1",Fernando Guerrero,Fernando Guerrero,DEV/QA/PREPROD Synaptix,16,0,0,0,0,0,16,0,0,0
1.9.4.2.2.ACT-Q,1.9.4.2.2,Comprobar aceptación y consolidar evidencia: Captura de intervalos y validaciones implementadas,16Q1,1.9.4.2.2.ACT-V,Davor Serey,Nikolai Navea,DEV/QA/PREPROD Synaptix,8,0,0,0,8,0,0,0,0,0
1.9.4.2.2.ACT-V,1.9.4.2.2,"Implementar, probar unidades y documentar: Captura de intervalos y validaciones implementadas",16Q1,IN4.2.1,Nikolai Navea,Nikolai Navea,DEV/QA/PREPROD Synaptix,40,0,0,0,0,40,0,0,0,0
1.9.4.2.3.ACT-A,1.9.4.2.3,Definir o validar reglas funcionales: Cálculo versionado y expediente de conciliación,17Q1,IN4.2.2,Ulysses Barreto,Nikolai Navea,DEV/QA/PREPROD Synaptix,8,8,0,0,0,0,0,0,0,0
1.9.4.2.3.ACT-Q,1.9.4.2.3,Comprobar aceptación y consolidar evidencia: Cálculo versionado y expediente de conciliación,17Q1,"1.9.4.2.3.ACT-A,1.9.4.2.3.ACT-V",Davor Serey,Nikolai Navea,DEV/QA/PREPROD Synaptix,8,0,0,0,8,0,0,0,0,0
1.9.4.2.3.ACT-V,1.9.4.2.3,"Implementar, probar unidades y documentar: Cálculo versionado y expediente de conciliación",17Q1,IN4.2.2,Nikolai Navea,Nikolai Navea,DEV/QA/PREPROD Synaptix,40,0,0,0,0,40,0,0,0,0
1.9.4.2.4.ACT-A,1.9.4.2.4,Definir o validar reglas funcionales: Evidencia de seguridad y cálculo del incentivo,18Q1,IN4.2.3,Ulysses Barreto,Davor Serey,DEV/QA/PREPROD Synaptix,8,8,0,0,0,0,0,0,0,0
1.9.4.2.4.ACT-S,1.9.4.2.4,Especificar o verificar controles de seguridad: Evidencia de seguridad y cálculo del incentivo,18Q1,IN4.2.3,Bruno Toro,Davor Serey,DEV/QA/PREPROD Synaptix,8,0,0,8,0,0,0,0,0,0
1.9.4.2.4.ACT-Q,1.9.4.2.4,Comprobar aceptación y consolidar evidencia: Evidencia de seguridad y cálculo del incentivo,18Q1,"1.9.4.2.4.ACT-A,1.9.4.2.4.ACT-S",Davor Serey,Davor Serey,DEV/QA/PREPROD Synaptix,24,0,0,0,24,0,0,0,0,0
1.9.4.3.1.1.ACT-A,1.9.4.3.1.1,Definir o validar reglas funcionales: Registro base del tiempo activo,19Q1,IN4.2.4,Ulysses Barreto,Davor Serey,Marina/Synaptix,8,8,0,0,0,0,0,0,0,0
1.9.4.3.1.1.ACT-Q,1.9.4.3.1.1,Comprobar aceptación y consolidar evidencia: Registro base del tiempo activo,19Q1,1.9.4.3.1.1.ACT-A,Davor Serey,Davor Serey,Marina/Synaptix,8,0,0,0,8,0,0,0,0,0
1.9.4.3.1.2.ACT-A,1.9.4.3.1.2,Definir o validar reglas funcionales: Registro base del tiempo activo,19Q2,IN4.3.1.1,Ulysses Barreto,Davor Serey,Marina/Synaptix,8,8,0,0,0,0,0,0,0,0
1.9.4.3.1.2.ACT-Q,1.9.4.3.1.2,Comprobar aceptación y consolidar evidencia: Registro base del tiempo activo,19Q2,1.9.4.3.1.2.ACT-A,Davor Serey,Davor Serey,Marina/Synaptix,8,0,0,0,8,0,0,0,0,0
1.9.4.3.2.1.ACT-A,1.9.4.3.2.1,Definir o validar reglas funcionales: Registro de evaluación del tiempo activo,20Q1,IN4.3.1.2,Ulysses Barreto,Davor Serey,Marina/Synaptix,8,8,0,0,0,0,0,0,0,0
1.9.4.3.2.1.ACT-Q,1.9.4.3.2.1,Comprobar aceptación y consolidar evidencia: Registro de evaluación del tiempo activo,20Q1,1.9.4.3.2.1.ACT-A,Davor Serey,Davor Serey,Marina/Synaptix,8,0,0,0,8,0,0,0,0,0
1.9.4.3.2.2.ACT-A,1.9.4.3.2.2,Definir o validar reglas funcionales: Registro de evaluación del tiempo activo,20Q2,IN4.3.2.1,Ulysses Barreto,Davor Serey,Marina/Synaptix,8,8,0,0,0,0,0,0,0,0
1.9.4.3.2.2.ACT-Q,1.9.4.3.2.2,Comprobar aceptación y consolidar evidencia: Registro de evaluación del tiempo activo,20Q2,1.9.4.3.2.2.ACT-A,Davor Serey,Davor Serey,Marina/Synaptix,8,0,0,0,8,0,0,0,0,0
1.9.4.3.3.ACT-A,1.9.4.3.3,Definir o validar reglas funcionales: Evaluación del piloto sin efectos de pago,20Q2,"IN4.3.1.*,IN4.3.2.*",Ulysses Barreto,Davor Serey,Marina/Synaptix,8,8,0,0,0,0,0,0,0,0
1.9.4.3.3.ACT-Q,1.9.4.3.3,Comprobar aceptación y consolidar evidencia: Evaluación del piloto sin efectos de pago,20Q2,"1.9.4.3.3.ACT-A,1.9.4.3.3.ACT-J",Davor Serey,Davor Serey,Marina/Synaptix,16,0,0,0,16,0,0,0,0,0
1.9.4.3.3.ACT-J,1.9.4.3.3,Controlar decisiones y condiciones contractuales: Evaluación del piloto sin efectos de pago,20Q2,"IN4.3.1.*,IN4.3.2.*",Ignacio Silva,Davor Serey,Marina/Synaptix,8,0,0,0,0,0,0,0,0,8
1.9.4.4.1.ACT-A,1.9.4.4.1,Definir o validar reglas funcionales: Procedimiento de conciliación contractual habilitado,21Q1,"IN4.3.3,IN1.6.1",Ulysses Barreto,Ignacio Silva,DEV/QA/PREPROD Synaptix,8,8,0,0,0,0,0,0,0,0
1.9.4.4.1.ACT-O,1.9.4.4.1,Preparar o comprobar continuidad y transferencia: Procedimiento de conciliación contractual habilitado,21Q1,"IN4.3.3,IN1.6.1",José Lara Arce,Ignacio Silva,DEV/QA/PREPROD Synaptix,8,0,0,0,0,0,0,8,0,0
1.9.4.4.1.ACT-J,1.9.4.4.1,Controlar decisiones y condiciones contractuales: Procedimiento de conciliación contractual habilitado,21Q1,"IN4.3.3,IN1.6.1",Ignacio Silva,Ignacio Silva,DEV/QA/PREPROD Synaptix,8,0,0,0,0,0,0,0,0,8
1.9.5.1.1.ACT-A,1.9.5.1.1,Definir o validar reglas funcionales: Plan ambiental y protocolo de comparación,14Q1,BASE-AMB,Ulysses Barreto,Ulysses Barreto,DEV/QA/PREPROD Synaptix,16,16,0,0,0,0,0,0,0,0
1.9.5.1.1.ACT-Q,1.9.5.1.1,Comprobar aceptación y consolidar evidencia: Plan ambiental y protocolo de comparación,14Q1,1.9.5.1.1.ACT-A,Davor Serey,Ulysses Barreto,DEV/QA/PREPROD Synaptix,8,0,0,0,8,0,0,0,0,0
1.9.5.1.2.ACT-D,1.9.5.1.2,"Preparar y comprobar datos y cobertura: Consentimiento, modelo y contratos definidos",15Q1,IN5.1.1,Nicolás Torfan,Fernando Guerrero,DEV/QA/PREPROD Synaptix,8,0,8,0,0,0,0,0,0,0
1.9.5.1.2.ACT-S,1.9.5.1.2,"Especificar o verificar controles de seguridad: Consentimiento, modelo y contratos definidos",15Q1,IN5.1.1,Bruno Toro,Fernando Guerrero,DEV/QA/PREPROD Synaptix,16,0,0,16,0,0,0,0,0,0
1.9.5.1.2.ACT-I,1.9.5.1.2,"Especificar o verificar interfaces: Consentimiento, modelo y contratos definidos",15Q1,IN5.1.1,Fernando Guerrero,Fernando Guerrero,DEV/QA/PREPROD Synaptix,16,0,0,0,0,0,16,0,0,0
1.9.5.2.1.ACT-D,1.9.5.2.1,Preparar y comprobar datos y cobertura: Historial validado y cálculo por permanencia,16Q1,IN5.1.2,Nicolás Torfan,Nikolai Navea,DEV/QA/PREPROD Synaptix,8,0,8,0,0,0,0,0,0,0
1.9.5.2.1.ACT-Q,1.9.5.2.1,Comprobar aceptación y consolidar evidencia: Historial validado y cálculo por permanencia,16Q1,"1.9.5.2.1.ACT-D,1.9.5.2.1.ACT-V",Davor Serey,Nikolai Navea,DEV/QA/PREPROD Synaptix,8,0,0,0,8,0,0,0,0,0
1.9.5.2.1.ACT-V,1.9.5.2.1,"Implementar, probar unidades y documentar: Historial validado y cálculo por permanencia",16Q1,IN5.1.2,Nikolai Navea,Nikolai Navea,DEV/QA/PREPROD Synaptix,40,0,0,0,0,40,0,0,0,0
1.9.5.2.2.ACT-A,1.9.5.2.2,"Definir o validar reglas funcionales: Adhesión, acciones y portal ambiental",17Q1,IN5.1.2,Ulysses Barreto,Nikolai Navea,DEV/QA/PREPROD Synaptix,8,8,0,0,0,0,0,0,0,0
1.9.5.2.2.ACT-Q,1.9.5.2.2,"Comprobar aceptación y consolidar evidencia: Adhesión, acciones y portal ambiental",17Q1,"1.9.5.2.2.ACT-A,1.9.5.2.2.ACT-V",Davor Serey,Nikolai Navea,DEV/QA/PREPROD Synaptix,8,0,0,0,8,0,0,0,0,0
1.9.5.2.2.ACT-V,1.9.5.2.2,"Implementar, probar unidades y documentar: Adhesión, acciones y portal ambiental",17Q1,IN5.1.2,Nikolai Navea,Nikolai Navea,DEV/QA/PREPROD Synaptix,40,0,0,0,0,40,0,0,0,0
1.9.5.2.3.ACT-S,1.9.5.2.3,"Especificar o verificar controles de seguridad: Integración, consentimiento y actualización de cortes",17Q2,"IN5.2.1,IN5.2.2",Bruno Toro,Fernando Guerrero,DEV/QA/PREPROD Synaptix,8,0,0,8,0,0,0,0,0,0
1.9.5.2.3.ACT-Q,1.9.5.2.3,"Comprobar aceptación y consolidar evidencia: Integración, consentimiento y actualización de cortes",17Q2,"1.9.5.2.3.ACT-S,1.9.5.2.3.ACT-V,1.9.5.2.3.ACT-I",Davor Serey,Fernando Guerrero,DEV/QA/PREPROD Synaptix,8,0,0,0,8,0,0,0,0,0
1.9.5.2.3.ACT-V,1.9.5.2.3,"Implementar, probar unidades y documentar: Integración, consentimiento y actualización de cortes",17Q2,"IN5.2.1,IN5.2.2",Nikolai Navea,Fernando Guerrero,DEV/QA/PREPROD Synaptix,24,0,0,0,0,24,0,0,0,0
1.9.5.2.3.ACT-I,1.9.5.2.3,"Especificar o verificar interfaces: Integración, consentimiento y actualización de cortes",17Q2,"IN5.2.1,IN5.2.2",Fernando Guerrero,Fernando Guerrero,DEV/QA/PREPROD Synaptix,8,0,0,0,0,0,8,0,0,0
1.9.5.2.4.ACT-D,1.9.5.2.4,"Preparar y comprobar datos y cobertura: Pruebas de medición, privacidad y accesibilidad",18Q1,IN5.2.3,Nicolás Torfan,Davor Serey,DEV/QA/PREPROD Synaptix,8,0,8,0,0,0,0,0,0,0
1.9.5.2.4.ACT-S,1.9.5.2.4,"Especificar o verificar controles de seguridad: Pruebas de medición, privacidad y accesibilidad",18Q1,IN5.2.3,Bruno Toro,Davor Serey,DEV/QA/PREPROD Synaptix,8,0,0,8,0,0,0,0,0,0
1.9.5.2.4.ACT-Q,1.9.5.2.4,"Comprobar aceptación y consolidar evidencia: Pruebas de medición, privacidad y accesibilidad",18Q1,"1.9.5.2.4.ACT-D,1.9.5.2.4.ACT-S",Davor Serey,Davor Serey,DEV/QA/PREPROD Synaptix,24,0,0,0,24,0,0,0,0,0
1.9.5.3.1.ACT-A,1.9.5.3.1,Definir o validar reglas funcionales: Participantes y acciones preparados para el piloto,18Q2,IN5.2.4,Ulysses Barreto,José Lara Arce,Marina/Synaptix,8,8,0,0,0,0,0,0,0,0
1.9.5.3.1.ACT-Q,1.9.5.3.1,Comprobar aceptación y consolidar evidencia: Participantes y acciones preparados para el piloto,18Q2,"1.9.5.3.1.ACT-A,1.9.5.3.1.ACT-L",Davor Serey,José Lara Arce,Marina/Synaptix,8,0,0,0,8,0,0,0,0,0
1.9.5.3.1.ACT-L,1.9.5.3.1,Preparar usuarios y registrar piloto: Participantes y acciones preparados para el piloto,18Q2,IN5.2.4,José Lara Arce,José Lara Arce,Marina/Synaptix,16,0,0,0,0,0,0,0,16,0
1.9.5.3.2.1.ACT-D,1.9.5.3.2.1,Preparar y comprobar datos y cobertura: Registro base del consumo normalizado,19Q1,IN5.3.1,Nicolás Torfan,Davor Serey,Marina/Synaptix,8,0,8,0,0,0,0,0,0,0
1.9.5.3.2.1.ACT-Q,1.9.5.3.2.1,Comprobar aceptación y consolidar evidencia: Registro base del consumo normalizado,19Q1,1.9.5.3.2.1.ACT-D,Davor Serey,Davor Serey,Marina/Synaptix,8,0,0,0,8,0,0,0,0,0
1.9.5.3.2.2.ACT-D,1.9.5.3.2.2,Preparar y comprobar datos y cobertura: Registro base del consumo normalizado,19Q2,IN5.3.2.1,Nicolás Torfan,Davor Serey,Marina/Synaptix,8,0,8,0,0,0,0,0,0,0
1.9.5.3.2.2.ACT-Q,1.9.5.3.2.2,Comprobar aceptación y consolidar evidencia: Registro base del consumo normalizado,19Q2,1.9.5.3.2.2.ACT-D,Davor Serey,Davor Serey,Marina/Synaptix,8,0,0,0,8,0,0,0,0,0
1.9.5.3.3.1.ACT-D,1.9.5.3.3.1,Preparar y comprobar datos y cobertura: Registro de evaluación del consumo normalizado,20Q1,IN5.3.2.2,Nicolás Torfan,Davor Serey,Marina/Synaptix,8,0,8,0,0,0,0,0,0,0
1.9.5.3.3.1.ACT-Q,1.9.5.3.3.1,Comprobar aceptación y consolidar evidencia: Registro de evaluación del consumo normalizado,20Q1,1.9.5.3.3.1.ACT-D,Davor Serey,Davor Serey,Marina/Synaptix,8,0,0,0,8,0,0,0,0,0
1.9.5.3.3.2.ACT-D,1.9.5.3.3.2,Preparar y comprobar datos y cobertura: Registro de evaluación del consumo normalizado,20Q2,IN5.3.3.1,Nicolás Torfan,Davor Serey,Marina/Synaptix,8,0,8,0,0,0,0,0,0,0
1.9.5.3.3.2.ACT-Q,1.9.5.3.3.2,Comprobar aceptación y consolidar evidencia: Registro de evaluación del consumo normalizado,20Q2,1.9.5.3.3.2.ACT-D,Davor Serey,Davor Serey,Marina/Synaptix,8,0,0,0,8,0,0,0,0,0
1.9.5.3.4.ACT-A,1.9.5.3.4,Definir o validar reglas funcionales: Evaluación ambiental y acta del piloto,20Q2,"IN5.3.2.*,IN5.3.3.*",Ulysses Barreto,Davor Serey,Marina/Synaptix,8,8,0,0,0,0,0,0,0,0
1.9.5.3.4.ACT-D,1.9.5.3.4,Preparar y comprobar datos y cobertura: Evaluación ambiental y acta del piloto,20Q2,"IN5.3.2.*,IN5.3.3.*",Nicolás Torfan,Davor Serey,Marina/Synaptix,8,0,8,0,0,0,0,0,0,0
1.9.5.3.4.ACT-Q,1.9.5.3.4,Comprobar aceptación y consolidar evidencia: Evaluación ambiental y acta del piloto,20Q2,"1.9.5.3.4.ACT-A,1.9.5.3.4.ACT-D",Davor Serey,Davor Serey,Marina/Synaptix,16,0,0,0,16,0,0,0,0,0
1.9.5.4.1.ACT-Q,1.9.5.4.1,Comprobar aceptación y consolidar evidencia: Pasaporte y seguimiento transferidos a operación,21Q1,"1.9.5.4.1.ACT-O,1.9.5.4.1.ACT-L",Davor Serey,José Lara Arce,DEV/QA/PREPROD Synaptix,8,0,0,0,8,0,0,0,0,0
1.9.5.4.1.ACT-O,1.9.5.4.1,Preparar o comprobar continuidad y transferencia: Pasaporte y seguimiento transferidos a operación,21Q1,IN5.3.4,José Lara Arce,José Lara Arce,DEV/QA/PREPROD Synaptix,16,0,0,0,0,0,0,16,0,0
1.9.5.4.1.ACT-L,1.9.5.4.1,Preparar usuarios y registrar piloto: Pasaporte y seguimiento transferidos a operación,21Q1,IN5.3.4,José Lara Arce,José Lara Arce,DEV/QA/PREPROD Synaptix,8,0,0,0,0,0,0,0,8,0
