Fecha,Nombre,Fuente,Condicion
2026-12-08,La Inmaculada Concepción,python-holidays Chile 0.106,Calendario de escenario; verificar decretos y cambios antes de línea base
2026-12-25,Navidad,python-holidays Chile 0.106,Calendario de escenario; verificar decretos y cambios antes de línea base
2027-01-01,Año Nuevo,python-holidays Chile 0.106,Calendario de escenario; verificar decretos y cambios antes de línea base
2027-03-26,Viernes Santo,python-holidays Chile 0.106,Calendario de escenario; verificar decretos y cambios antes de línea base
2027-03-27,Sábado Santo,python-holidays Chile 0.106,Calendario de escenario; verificar decretos y cambios antes de línea base
2027-05-01,Día Nacional del Trabajo,python-holidays Chile 0.106,Calendario de escenario; verificar decretos y cambios antes de línea base
2027-05-21,Día de las Glorias Navales,python-holidays Chile 0.106,Calendario de escenario; verificar decretos y cambios antes de línea base
2027-06-21,Día Nacional de los Pueblos Indígenas,python-holidays Chile 0.106,Calendario de escenario; verificar decretos y cambios antes de línea base
2027-06-28,San Pedro y San Pablo,python-holidays Chile 0.106,Calendario de escenario; verificar decretos y cambios antes de línea base
2027-07-16,Virgen del Carmen,python-holidays Chile 0.106,Calendario de escenario; verificar decretos y cambios antes de línea base
2027-08-15,Asunción de la Virgen,python-holidays Chile 0.106,Calendario de escenario; verificar decretos y cambios antes de línea base
2027-09-17,Fiestas Patrias,python-holidays Chile 0.106,Calendario de escenario; verificar decretos y cambios antes de línea base
2027-09-18,Día de la Independencia,python-holidays Chile 0.106,Calendario de escenario; verificar decretos y cambios antes de línea base
2027-09-19,Día de las Glorias del Ejército,python-holidays Chile 0.106,Calendario de escenario; verificar decretos y cambios antes de línea base
2027-10-11,Día del Encuentro de dos Mundos,python-holidays Chile 0.106,Calendario de escenario; verificar decretos y cambios antes de línea base
2027-10-31,Día Nacional de las Iglesias Evangélicas y Protestantes,python-holidays Chile 0.106,Calendario de escenario; verificar decretos y cambios antes de línea base
2027-11-01,Día de Todos los Santos,python-holidays Chile 0.106,Calendario de escenario; verificar decretos y cambios antes de línea base
2027-12-08,La Inmaculada Concepción,python-holidays Chile 0.106,Calendario de escenario; verificar decretos y cambios antes de línea base
2027-12-25,Navidad,python-holidays Chile 0.106,Calendario de escenario; verificar decretos y cambios antes de línea base
2028-01-01,Año Nuevo,python-holidays Chile 0.106,Calendario de escenario; verificar decretos y cambios antes de línea base
2028-04-14,Viernes Santo,python-holidays Chile 0.106,Calendario de escenario; verificar decretos y cambios antes de línea base
2028-04-15,Sábado Santo,python-holidays Chile 0.106,Calendario de escenario; verificar decretos y cambios antes de línea base
2028-05-01,Día Nacional del Trabajo,python-holidays Chile 0.106,Calendario de escenario; verificar decretos y cambios antes de línea base
2028-05-21,Día de las Glorias Navales,python-holidays Chile 0.106,Calendario de escenario; verificar decretos y cambios antes de línea base
2028-06-20,Día Nacional de los Pueblos Indígenas,python-holidays Chile 0.106,Calendario de escenario; verificar decretos y cambios antes de línea base
2028-06-26,San Pedro y San Pablo,python-holidays Chile 0.106,Calendario de escenario; verificar decretos y cambios antes de línea base
2028-07-16,Virgen del Carmen,python-holidays Chile 0.106,Calendario de escenario; verificar decretos y cambios antes de línea base
2028-08-15,Asunción de la Virgen,python-holidays Chile 0.106,Calendario de escenario; verificar decretos y cambios antes de línea base
2028-09-18,Día de la Independencia,python-holidays Chile 0.106,Calendario de escenario; verificar decretos y cambios antes de línea base
2028-09-19,Día de las Glorias del Ejército,python-holidays Chile 0.106,Calendario de escenario; verificar decretos y cambios antes de línea base
2028-10-09,Día del Encuentro de dos Mundos,python-holidays Chile 0.106,Calendario de escenario; verificar decretos y cambios antes de línea base
2028-10-27,Día Nacional de las Iglesias Evangélicas y Protestantes,python-holidays Chile 0.106,Calendario de escenario; verificar decretos y cambios antes de línea base
2028-11-01,Día de Todos los Santos,python-holidays Chile 0.106,Calendario de escenario; verificar decretos y cambios antes de línea base
2028-12-08,La Inmaculada Concepción,python-holidays Chile 0.106,Calendario de escenario; verificar decretos y cambios antes de línea base
2028-12-25,Navidad,python-holidays Chile 0.106,Calendario de escenario; verificar decretos y cambios antes de línea base
2029-01-01,Año Nuevo,python-holidays Chile 0.106,Calendario de escenario; verificar decretos y cambios antes de línea base
2029-03-30,Viernes Santo,python-holidays Chile 0.106,Calendario de escenario; verificar decretos y cambios antes de línea base
2029-03-31,Sábado Santo,python-holidays Chile 0.106,Calendario de escenario; verificar decretos y cambios antes de línea base
2029-05-01,Día Nacional del Trabajo,python-holidays Chile 0.106,Calendario de escenario; verificar decretos y cambios antes de línea base
2029-05-21,Día de las Glorias Navales,python-holidays Chile 0.106,Calendario de escenario; verificar decretos y cambios antes de línea base
2029-06-20,Día Nacional de los Pueblos Indígenas,python-holidays Chile 0.106,Calendario de escenario; verificar decretos y cambios antes de línea base
2029-07-02,San Pedro y San Pablo,python-holidays Chile 0.106,Calendario de escenario; verificar decretos y cambios antes de línea base
2029-07-16,Virgen del Carmen,python-holidays Chile 0.106,Calendario de escenario; verificar decretos y cambios antes de línea base
2029-08-15,Asunción de la Virgen,python-holidays Chile 0.106,Calendario de escenario; verificar decretos y cambios antes de línea base
2029-09-17,Fiestas Patrias,python-holidays Chile 0.106,Calendario de escenario; verificar decretos y cambios antes de línea base
2029-09-18,Día de la Independencia,python-holidays Chile 0.106,Calendario de escenario; verificar decretos y cambios antes de línea base
2029-09-19,Día de las Glorias del Ejército,python-holidays Chile 0.106,Calendario de escenario; verificar decretos y cambios antes de línea base
2029-10-15,Día del Encuentro de dos Mundos,python-holidays Chile 0.106,Calendario de escenario; verificar decretos y cambios antes de línea base
2029-11-01,Día de Todos los Santos,python-holidays Chile 0.106,Calendario de escenario; verificar decretos y cambios antes de línea base
2029-11-02,Día Nacional de las Iglesias Evangélicas y Protestantes,python-holidays Chile 0.106,Calendario de escenario; verificar decretos y cambios antes de línea base
2029-12-08,La Inmaculada Concepción,python-holidays Chile 0.106,Calendario de escenario; verificar decretos y cambios antes de línea base
2029-12-25,Navidad,python-holidays Chile 0.106,Calendario de escenario; verificar decretos y cambios antes de línea base
2030-01-01,Año Nuevo,python-holidays Chile 0.106,Calendario de escenario; verificar decretos y cambios antes de línea base
2030-04-19,Viernes Santo,python-holidays Chile 0.106,Calendario de escenario; verificar decretos y cambios antes de línea base
2030-04-20,Sábado Santo,python-holidays Chile 0.106,Calendario de escenario; verificar decretos y cambios antes de línea base
2030-05-01,Día Nacional del Trabajo,python-holidays Chile 0.106,Calendario de escenario; verificar decretos y cambios antes de línea base
2030-05-21,Día de las Glorias Navales,python-holidays Chile 0.106,Calendario de escenario; verificar decretos y cambios antes de línea base
2030-06-21,Día Nacional de los Pueblos Indígenas,python-holidays Chile 0.106,Calendario de escenario; verificar decretos y cambios antes de línea base
2030-06-29,San Pedro y San Pablo,python-holidays Chile 0.106,Calendario de escenario; verificar decretos y cambios antes de línea base
2030-07-16,Virgen del Carmen,python-holidays Chile 0.106,Calendario de escenario; verificar decretos y cambios antes de línea base
2030-08-15,Asunción de la Virgen,python-holidays Chile 0.106,Calendario de escenario; verificar decretos y cambios antes de línea base
2030-09-18,Día de la Independencia,python-holidays Chile 0.106,Calendario de escenario; verificar decretos y cambios antes de línea base
2030-09-19,Día de las Glorias del Ejército,python-holidays Chile 0.106,Calendario de escenario; verificar decretos y cambios antes de línea base
2030-09-20,Fiestas Patrias,python-holidays Chile 0.106,Calendario de escenario; verificar decretos y cambios antes de línea base
2030-10-12,Día del Encuentro de dos Mundos,python-holidays Chile 0.106,Calendario de escenario; verificar decretos y cambios antes de línea base
2030-10-31,Día Nacional de las Iglesias Evangélicas y Protestantes,python-holidays Chile 0.106,Calendario de escenario; verificar decretos y cambios antes de línea base
2030-11-01,Día de Todos los Santos,python-holidays Chile 0.106,Calendario de escenario; verificar decretos y cambios antes de línea base
2030-12-08,La Inmaculada Concepción,python-holidays Chile 0.106,Calendario de escenario; verificar decretos y cambios antes de línea base
2030-12-25,Navidad,python-holidays Chile 0.106,Calendario de escenario; verificar decretos y cambios antes de línea base
2031-01-01,Año Nuevo,python-holidays Chile 0.106,Calendario de escenario; verificar decretos y cambios antes de línea base
2031-04-11,Viernes Santo,python-holidays Chile 0.106,Calendario de escenario; verificar decretos y cambios antes de línea base
2031-04-12,Sábado Santo,python-holidays Chile 0.106,Calendario de escenario; verificar decretos y cambios antes de línea base
2031-05-01,Día Nacional del Trabajo,python-holidays Chile 0.106,Calendario de escenario; verificar decretos y cambios antes de línea base
2031-05-21,Día de las Glorias Navales,python-holidays Chile 0.106,Calendario de escenario; verificar decretos y cambios antes de línea base
2031-06-21,Día Nacional de los Pueblos Indígenas,python-holidays Chile 0.106,Calendario de escenario; verificar decretos y cambios antes de línea base
2031-06-29,San Pedro y San Pablo,python-holidays Chile 0.106,Calendario de escenario; verificar decretos y cambios antes de línea base
2031-07-16,Virgen del Carmen,python-holidays Chile 0.106,Calendario de escenario; verificar decretos y cambios antes de línea base
