Mes,NOC,SOC,Mesa,Terreno,Personas,HH_total
1,0,0,0,0,0,0
2,0,0,0,0,0,0
3,0,0,0,0,0,0
4,0,0,0,0,0,0
5,0,0,0,0,0,0
6,0,0,0,0,0,0
7,0,0,0,0,0,0
8,0,0,0,0,0,0
9,0,0,0,0,0,0
10,0,0,0,0,0,0
11,0,0,0,0,0,0
12,0,0,0,0,0,0
13,744.0,744.0,1674.0,1792.0,38,4954.0
14,744.0,744.0,1674.0,0,24,3162.0
15,696.0,696.0,1566.0,0,24,2958.0
16,744.0,744.0,1674.0,0,24,3162.0
17,720.0,720.0,1080.0,448.0,28,2968.0
18,744.0,744.0,1116.0,0,24,2604.0
19,720.0,720.0,1080.0,1792.0,38,4312.0
20,744.0,744.0,1116.0,0,24,2604.0
21,744.0,744.0,1116.0,0,24,2604.0
22,720.0,720.0,1080.0,448.0,28,2968.0
23,744.0,744.0,1116.0,0,24,2604.0
24,720.0,720.0,1368.0,0,24,2808.0
25,744.0,744.0,1674.0,0,24,3162.0
26,744.0,744.0,1674.0,0,24,3162.0
27,672.0,672.0,1512.0,0,24,2856.0
28,744.0,744.0,1674.0,0,24,3162.0
29,720.0,720.0,1080.0,0,24,2520.0
30,744.0,744.0,1116.0,0,24,2604.0
31,720.0,720.0,1080.0,0,24,2520.0
32,744.0,744.0,1116.0,0,24,2604.0
33,744.0,744.0,1116.0,0,24,2604.0
34,720.0,720.0,1080.0,0,24,2520.0
35,744.0,744.0,1116.0,0,24,2604.0
36,720.0,720.0,1368.0,0,24,2808.0
37,744.0,744.0,1674.0,0,24,3162.0
38,744.0,744.0,1674.0,0,24,3162.0
39,672.0,672.0,1512.0,0,24,2856.0
40,744.0,744.0,1674.0,0,24,3162.0
41,720.0,720.0,1080.0,0,24,2520.0
42,744.0,744.0,1116.0,0,24,2604.0
43,720.0,720.0,1080.0,0,24,2520.0
44,744.0,744.0,1116.0,0,24,2604.0
45,744.0,744.0,1116.0,0,24,2604.0
46,720.0,720.0,1080.0,0,24,2520.0
47,744.0,744.0,1116.0,0,24,2604.0
48,720.0,720.0,1368.0,0,24,2808.0
49,744.0,744.0,1674.0,0,24,3162.0
50,744.0,744.0,1674.0,0,24,3162.0
51,672.0,672.0,1512.0,0,24,2856.0
52,744.0,744.0,1674.0,0,24,3162.0
53,720.0,720.0,1080.0,0,24,2520.0
54,744.0,744.0,1116.0,0,24,2604.0
55,720.0,720.0,1080.0,0,24,2520.0
56,744.0,744.0,1116.0,0,24,2604.0
