Contactos_h,Agentes,TMA_min,Prob_espera,Nivel_20s,Ocupacion
7.987,1,6,0.798667,0.210217,0.798667
7.987,2,6,0.227919,0.786796,0.399333
7.987,3,6,0.051812,0.954152,0.266222
7.987,4,6,0.009526,0.992026,0.199667
7.987,5,6,0.00145,0.998852,0.159733
7.987,6,6,0.000187,0.99986,0.133111
15.973,1,6,1,0,1.597333
15.973,2,6,0.709268,0.306422,0.798667
15.973,3,6,0.27278,0.747669,0.532444
15.973,4,6,0.090246,0.921031,0.399333
15.973,5,6,0.025719,0.978711,0.319467
15.973,6,6,0.006362,0.995018,0.266222
23.96,1,6,1,0,2.396
23.96,2,6,1,0,1.198
23.96,3,6,0.645023,0.376262,0.798667
23.96,4,6,0.285768,0.738596,0.599
23.96,5,6,0.112858,0.902343,0.4792
23.96,6,6,0.039671,0.967527,0.399333
